OBJECTID,NAME,the_geom,LINE,NOTES,accessible,conn,tract_code,totalpop,aland,totaldispop,ambdispop,perdispop,perambdispop
1,Astor Place,POINT (-73.99106999861966 40.73005400028978),"['4', '6', '6d']","4 nights, 6-all times, 6 Express-weekdays AM southbound, PM northbound",False,"set([105, 457])",1400000US36061010100,1259,175518,70,51,5.6,4.1
2,Canal Street,POINT (-74.00019299927328 40.71880300107709),"['4', '6', '6d']","4 nights, 6-all times, 6 Express-weekdays AM southbound, PM northbound",True,"set([467, 29])",1400000US36081076901,4172,180732,297,200,7.1,5.4
3,50 Street,POINT (-73.98384899986625 40.76172799961419),"['1', '2']","1-all times, 2-nights",False,"set([94, 359])",1400000US36081005900,4174,190210,354,238,8.5,5.9
4,Bergen Street,POINT (-73.97499915116808 40.68086213682956),"['2', '3', '4']","4-nights, 3-all other times, 2-all times",False,"set([115, 116])",1400000US36081008600,2849,332283,238,140,8.4,5.2
5,Pennsylvania Avenue,POINT (-73.89488591154061 40.66471445143568),"['3', '4']","4-nights, 3-all other times",False,"set([217, 46])",1400000US36081061301,6281,713922,503,337,8.0,5.9
6,238 Street,POINT (-73.90087000018522 40.88466700064975),['1'],"1-all times, exit only northbound",False,"set([267, 271])",1400000US36081058900,4165,165272,179,97,4.3,2.7
7,Cathedral Parkway (110 Street),POINT (-73.95806670661364 40.800581558114956),"['A', 'B', 'C']","A-nights, B-weekdays and evenings, C-all times exc nights",False,"set([161, 398])",1400000US36081000700,5815,545045,276,173,4.7,3.2
8,Kingston - Throop Avenues,POINT (-73.94085899871263 40.67991899941601),"['A', 'C']","A-nights, C-all other times",False,"set([298, 127])",1400000US36081005400,5630,416542,699,414,12.4,7.8
9,65 Street,POINT (-73.8987883783301 40.74971952935675),"['E', 'M', 'R']","E-nights, R-all other times, M-weekdays and evenings",False,"set([238, 438])",1400000US36081061301,6281,713922,503,337,8.0,5.9
10,36 Street,POINT (-73.92901818461539 40.75196004401078),"['E', 'M', 'R']","E-nights, R-all other times, M-weekdays and evenings",False,"set([307, 299])",1400000US36081040100,8193,211990,439,218,5.4,3.0
11,Delancey Street - Essex Street,POINT (-73.98740940202974 40.71830605618619),"['J', 'M', 'Z']","J-all times, M-all times exc nights, Z-rush hours AM westbound, PM eastbound",False,"set([433, 434, 139])",1400000US36081076901,4172,180732,297,200,7.1,5.4
12,Van Siclen Avenue,POINT (-73.89165772702445 40.67802821447783),"['J', 'Z']","Z-rush hours AM westbound, PM eastbound, J-all other times",False,"set([225, 13, 215])",1400000US36081061301,6281,713922,503,337,8.0,5.9
13,Norwood Avenue,POINT (-73.87962599910783 40.68152000045683),"['J', 'Z']","Z-rush hours AM westbound, PM eastbound, J-all other times",False,"set([227, 12, 215])",1400000US36081047300,3710,198491,392,274,10.6,7.6
14,104-102 Streets,POINT (-73.84443500029684 40.69516599823373),"['J', 'Z']","Z-rush hours AM westbound, PM eastbound, J-all other times",False,"set([208, 209, 210])",1400000US36081071100,5865,375484,860,406,14.7,7.4
15,DeKalb Avenue,POINT (-73.98177094440949 40.690648119969794),"['B', 'D', 'N', 'Q', 'R']","B-weekdays and evenings, D-all other times, N-nights, R-all other times, Q-all times",True,"set([432, 377, 122, 435])",1400000US36061015900,9120,175127,807,403,8.8,4.6
16,Beach 105 Street,POINT (-73.82758075034528 40.58326843810286),"['A', 'S']","A-rush hours AM northbound, PM southbound, S Broad Channel to Rockaway Park-all times",False,"set([184, 183])",1400000US36081094201,3347,347514,698,262,20.9,8.6
17,Beach 90 Street,POINT (-73.81365140419632 40.58809156457325),"['A', 'S']","A-rush hours AM northbound, PM southbound, S Broad Channel to Rockaway Park-all times",False,"set([99, 183])",1400000US36081107201,2112,1385932,286,193,13.5,9.8
18,Freeman Street,POINT (-73.89175225349464 40.829987446384116),"['2', '5']","2-all times, 5-all times exc nights, skips rush hours AM southbound, PM northbound",False,"set([256, 43])",1400000US36081061301,6281,713922,503,337,8.0,5.9
19,Intervale Avenue,POINT (-73.89661738461646 40.822142131170786),"['2', '5']","2-all times, 5-all times exc nights, skips rush hours AM southbound, PM northbound",False,"set([43, 254])",1400000US36081061301,6281,713922,503,337,8.0,5.9
20,182-183 Streets,POINT (-73.90074099998965 40.85609299881864),"['B', 'D']","B-rush hours, D-all times, skips rush hours AM southbound, PM northbound",False,"set([171, 21, 263])",1400000US36081058900,4165,165272,179,97,4.3,2.7
21,174-175 Streets,POINT (-73.91013600050078 40.84589999983414),"['B', 'D']","B-rush hours, D-all times, skips rush hours AM southbound, PM northbound",False,"set([176, 171])",1400000US36081025302,2881,105029,87,55,3.0,2.0
22,167 Street,POINT (-73.91843200082253 40.83376899862797),"['B', 'D']","B-rush hours, D-all times, skips rush hours AM southbound, PM northbound",False,"set([296, 297])",1400000US36081025302,2881,105029,87,55,3.0,2.0
23,Mets - Willets Point,POINT (-73.8456249984179 40.75462199881262),"['7', '7d']","7-all times, 7 Express-rush hours AM westbound, PM eastbound",True,"set([24, 25, 190])",1400000US36081071100,5865,375484,860,406,14.7,7.4
24,Junction Boulevard,POINT (-73.86952700103515 40.74914499948836),"['7', '7d']","7-all times, 7 Express-rush hours AM westbound, PM eastbound",True,"set([241, 189, 54, 23])",1400000US36081069300,2864,142998,234,99,8.2,3.6
25,Flushing - Main Street,POINT (-73.83003000262508 40.75959999915012),"['7', '7d']","7-all times, 7 Express-rush hours AM westbound, PM eastbound",True,set([23]),1400000US36081093800,4682,809668,1337,445,28.6,10.0
26,Buhre Avenue,POINT (-73.83256900003744 40.846809998885504),"['6', '6d']","6 Express-weekdays AM southbound, PM northbound, 6-all other times",False,"set([201, 91])",1400000US36081093800,4682,809668,1337,445,28.6,10.0
27,3 Avenue - 138 Street,POINT (-73.92613800014134 40.81047600117261),"['6', '6d']","6-all times, 6 Express-weekdays AM southbound, PM northbound",False,"set([89, 468, 292])",1400000US36081018101,4293,96143,431,227,10.0,5.6
28,Castle Hill Avenue,POINT (-73.85122199961472 40.83425499825462),"['6', '6d']","6 Express-weekdays AM southbound, PM northbound, 6-all other times",False,"set([30, 463])",1400000US36081071306,6256,181329,719,378,11.5,6.7
29,Brooklyn Bridge - City Hall,POINT (-74.0041310005885 40.713064999433136),"['4', '5', '6', '6d']","4,6-all times, 5-all times exc nights, 6 Express-weekdays AM southbound, PM northbound",True,"set([2, 427])",1400000US36061009900,4831,1002374,172,90,3.6,1.9
30,Zerega Avenue,POINT (-73.8470359987544 40.836488000608156),"['6', '6d']","6 Express-weekdays AM southbound, PM northbound, 6-all other times",False,"set([202, 28])",1400000US36081071100,5865,375484,860,406,14.7,7.4
31,Grand Central - 42 Street,POINT (-73.9767132992584 40.75180742981634),"['4', '5', '6', '6d']","4,6-all times, 5-all times exc nights, 6 Express-weekdays AM southbound, PM northbound",True,"set([32, 85])",1400000US36081040100,8193,211990,439,218,5.4,3.0
32,33 Street,POINT (-73.98207600148947 40.74608099909145),"['4', '6', '6d']","4 nights, 6-all times, 6 Express-weekdays AM southbound, PM northbound",False,"set([200, 31])",1400000US36081026700,6539,209800,390,193,6.0,3.2
33,96 Street,POINT (-73.9510700015425 40.78567199998607),"['4', '6', '6d']","4 nights, 6-all times, 6 Express-weekdays AM southbound, PM northbound",False,"set([458, 451])",1400000US36081000700,5815,545045,276,173,4.7,3.2
34,77 Street,POINT (-73.95987399886047 40.77362000074615),"['4', '6', '6d']","4 nights, 6-all times, 6 Express-weekdays AM southbound, PM northbound",False,"set([451, 102])",1400000US36081000700,5815,545045,276,173,4.7,3.2
35,Chauncey Street,POINT (-73.91038357033376 40.68285130087804),"['J', 'Z']","Z-rush hours AM westbound, PM eastbound, J-all other times",False,"set([224, 75, 301])",1400000US36081025302,2881,105029,87,55,3.0,2.0
36,Union Street,POINT (-73.98310999909673 40.67731566735096),"['D', 'N', 'R']","D,N-nights, R-all other times",False,"set([122, 382])",1400000US36061015900,9120,175127,807,403,8.8,4.6
37,Elmhurst Avenue,POINT (-73.8820347465864 40.74237007972169),"['E', 'M', 'R']","E-nights, R-all other times, M-weekdays and evenings",False,"set([68, 348])",1400000US36081061301,6281,713922,503,337,8.0,5.9
38,Ralph Avenue,POINT (-73.92078599933306 40.678822000873375),"['A', 'C']","A-nights, C-all other times",False,"set([298, 117])",1400000US36081018101,4293,96143,431,227,10.0,5.6
39,Pelham Parkway,POINT (-73.86748067850041 40.8571924091606),"['2', '5']","2-all times, 5-rush hours AM southbound, PM northbound",True,"set([257, 44])",1400000US36081069300,2864,142998,234,99,8.2,3.6
40,Gun Hill Road,POINT (-73.86613410538703 40.877839385172024),"['2', '5']","2-all times, 5-rush hours AM southbound, PM northbound",True,"set([273, 276])",1400000US36081069300,2864,142998,234,99,8.2,3.6
41,Nereid Avenue (238 Street),POINT (-73.8543153107622 40.898286515575286),"['2', '5']","2-all times, 5-rush hours AM southbound, PM northbound",False,set([87]),1400000US36081071306,6256,181329,719,378,11.5,6.7
42,Franklin Avenue,POINT (-73.9580997367769 40.67076515344894),"['2', '3', '4', '5']","2,4-all times, 3-all times exc nights, 5-weekdays",False,"set([129, 116, 445, 455])",1400000US36081000700,5815,545045,276,173,4.7,3.2
43,Simpson Street,POINT (-73.89306639507903 40.823976841237396),"['2', '5']","2-all times, 5-all times exc nights, skips rush hours AM southbound, PM northbound",True,"set([18, 19])",1400000US36081061301,6281,713922,503,337,8.0,5.9
44,Bronx Park East,POINT (-73.86835609178098 40.848768666338934),"['2', '5']","2-all times, 5-rush hours AM southbound, PM northbound",False,"set([285, 39])",1400000US36081069300,2864,142998,234,99,8.2,3.6
45,Winthrop Street,POINT (-73.95007934590994 40.65665931376077),"['2', '5']","2-all times, 5-weekdays",False,"set([131, 134])",1400000US36081000700,5815,545045,276,173,4.7,3.2
46,Van Siclen Avenue,POINT (-73.88940491730106 40.665517963059635),"['3', '4']","4-nights, 3-all other times",False,"set([5, 213])",1400000US36081061301,6281,713922,503,337,8.0,5.9
47,149 Street - Grand Concourse,POINT (-73.9273847542618 40.81830344372315),['4'],4-all times,False,"set([48, 468, 141])",1400000US36081018101,4293,96143,431,227,10.0,5.6
48,161 Street - Yankee Stadium,POINT (-73.92569199505733 40.82823032742169),['4'],4-all times,True,"set([291, 47])",1400000US36081018101,4293,96143,431,227,10.0,5.6
49,Lexington Avenue - 59 Street,POINT (-73.9679670004732 40.762526000304575),"['4', '5', '6', '6d']","4,6-all times, 5-all times exc nights, 6 Express-weekdays AM southbound, PM northbound",False,"set([85, 102])",1400000US36061020500,5069,281121,260,151,5.1,3.1
50,E 149 Street,POINT (-73.90409799875945 40.81211799827203),['6'],6-all times,False,"set([250, 258])",1400000US36081058900,4165,165272,179,97,4.3,2.7
51,Morrison Avenue - Soundview,POINT (-73.87451599929486 40.82952100156747),['6'],6-all times,False,"set([249, 53])",1400000US36081047300,3710,198491,392,274,10.6,7.6
52,Whitlock Avenue,POINT (-73.8862829985325 40.82652500055904),['6'],6-all times,False,"set([249, 89])",1400000US36081061301,6281,713922,503,337,8.0,5.9
53,Saint Lawrence Avenue,POINT (-73.86761799923673 40.8315090005233),['6'],6-all times,False,"set([51, 463])",1400000US36081069300,2864,142998,234,99,8.2,3.6
54,Woodside - 61 Street,POINT (-73.90298400173006 40.745630001138395),"['7', '7d']","7-all times, 7 Express-rush hours AM westbound, PM eastbound",True,"set([24, 236, 230, 103])",1400000US36081058900,4165,165272,179,97,4.3,2.7
55,Far Rockaway - Mott Avenue,POINT (-73.75540499924732 40.603995001687544),['A'],A-all times,True,set([186]),1400000US36081100802,9017,1038703,1062,499,11.8,6.2
56,72 Street,POINT (-73.976336575218 40.77551939729258),"['A', 'B', 'C']","A-nights, B-weekdays and evenings, C-all times exc nights",False,"set([353, 163])",1400000US36081011500,2356,185559,182,120,7.7,5.3
57,96 Street,POINT (-73.96460245687166 40.79161879767014),"['A', 'B', 'C']","A-nights, B-weekdays and evenings, C-all times exc nights",False,"set([161, 165])",1400000US36061020500,5069,281121,260,151,5.1,3.1
58,168 Street,POINT (-73.93956099985425 40.84071899990795),"['A', 'C']","A-all times, C-all times exc nights",True,"set([412, 180])",1400000US36081017900,994,473761,41,32,4.1,3.3
59,Kingsbridge Road,POINT (-73.8935090000331 40.86697799999945),"['B', 'D']","B-rush hours, D-all times",True,"set([265, 263])",1400000US36081061301,6281,713922,503,337,8.0,5.9
60,42 Street - Bryant Park,POINT (-73.98459099904711 40.754184001312545),"['B', 'D', 'F', 'M']","B,M-weekdays and evenings, D,F-all times",False,"set([349, 366])",1400000US36061015900,9120,175127,807,403,8.8,4.6
61,Prospect Park,POINT (-73.96203130426609 40.6616334551018),"['B', 'Q', 'S']","B-weekdays and evenings, Q,S to Franklin Av-Fulton St-all times",False,"set([112, 120, 114])",1400000US36061020500,5069,281121,260,151,5.1,3.1
62,55 Street,POINT (-73.99534882595742 40.63147876093745),['D'],D-all times,False,"set([323, 311])",1400000US36061010100,1259,175518,70,51,5.6,4.1
63,Jamaica - Van Wyck,POINT (-73.81701287135405 40.70289855287313),['E'],E-all times,True,"set([64, 65, 244])",1400000US36081107201,2112,1385932,286,193,13.5,9.8
64,Kew Gardens - Union Turnpike,POINT (-73.8303702709878 40.714034819571026),"['E', 'F']","E,F-all times",True,"set([244, 164, 53])",1400000US36081093800,4682,809668,1337,445,28.6,10.0
65,Sutphin Boulevard - Archer Avenue,POINT (-73.80800471963833 40.700382424235),"['E', 'J', 'Z']","E,J-all times, Z-rush hours AM westbound, PM eastbound",True,"set([209, 210, 63, 247])",1400000US36081023600,2701,176279,240,194,8.9,7.6
66,Court Square - 23 Street,POINT (-73.94605470266329 40.747768121414325),"['E', 'M']","E-all times, M-weekdays and evenings",False,"set([307, 143])",1400000US36081028300,7318,177715,563,343,7.7,4.8
67,67 Avenue,POINT (-73.85286048434907 40.726505475813006),"['E', 'M', 'R']","E-nights, R-all other times, M-weekdays and evenings",False,"set([245, 191])",1400000US36081071306,6256,181329,719,378,11.5,6.7
68,Grand Avenue - Newtown,POINT (-73.87722085669182 40.736813418197144),"['E', 'M', 'R']","E-nights, R-all other times, M-weekdays and evenings",False,"set([232, 37])",1400000US36081047300,3710,198491,392,274,10.6,7.6
69,Ditmas Avenue,POINT (-73.97817199965161 40.63611866666291),['F'],F-all times,False,"set([308, 110])",1400000US36061018300,8223,224312,993,475,12.1,6.0
70,Classon Avenue,POINT (-73.95999000137212 40.68888900026455),['G'],G-all times,False,"set([106, 119])",1400000US36081000700,5815,545045,276,173,4.7,3.2
71,Broadway,POINT (-73.95031225606621 40.706126576274166),['G'],G-all times,False,"set([364, 148])",1400000US36081061301,6281,713922,503,337,8.0,5.9
72,Lorimer Street,POINT (-73.95024799996972 40.71407200064717),['L'],L-all times,False,"set([150, 151])",1400000US36081077300,2189,279070,311,174,14.2,8.8
73,Sutter Avenue,POINT (-73.9019160004208 40.66914500061398),['L'],L-all times,False,"set([216, 194])",1400000US36081058900,4165,165272,179,97,4.3,2.7
74,Wilson Avenue,POINT (-73.90395860491864 40.68886654246024),['L'],L-all times,True,"set([282, 211])",1400000US36081058900,4165,165272,179,97,4.3,2.7
75,Halsey Street,POINT (-73.9166388842194 40.686415270704344),['J'],J-all times,False,"set([224, 35, 300, 301])",1400000US36081025302,2881,105029,87,55,3.0,2.0
76,Lorimer Street,POINT (-73.94735499884204 40.703844000042096),"['J', 'M']","J-all times, skips weekdays AM westbound, PM eastbound, M-all times exc nights",False,"set([140, 372])",1400000US36081003300,2789,509003,145,64,5.2,2.4
77,8 Avenue,POINT (-74.01151599772157 40.634970999647166),['N'],N-all times,False,"set([312, 387])",1400000US36061000900,1622,315105,32,9,2.0,0.6
78,36 Avenue,POINT (-73.929861999118 40.7564420005104),"['N', 'W']","N-all times, W part time",False,"set([155, 79])",1400000US36081018101,4293,96143,431,227,10.0,5.6
79,Broadway,POINT (-73.92582299919906 40.761431998800546),"['N', 'W']","N-all times, W part time",False,"set([304, 155])",1400000US36081018101,4293,96143,431,227,10.0,5.6
80,Times Square - 42 Street,POINT (-73.98676800153976 40.75461199851542),"['N', 'Q', 'R', 'W']","N,Q-all times, R-all times exc nights, W part time",True,"set([145, 354, 355])",1400000US36061015900,9120,175127,807,403,8.8,4.6
81,Grand Central - 42 Street,POINT (-73.97918899989101 40.75276866674217),['S'],"S to Times Sq-all times exc nights, closed nights-use 7",False,set([147]),1400000US36081025500,1423,218247,98,50,6.9,3.7
82,Park Place,POINT (-73.95762400074634 40.67477166685263),['S'],S Franklin Av-Fulton St to Prospect Park-all times,True,"set([288, 281])",1400000US36081000700,5815,545045,276,173,4.7,3.2
83,111 Street,POINT (-73.83216299845388 40.68433100001238),"['A', 'S']","S Euclid Av to Ozone Park-Lefferts Blvd-nights, A-all other times",False,"set([98, 196])",1400000US36081093800,4682,809668,1337,445,28.6,10.0
84,W 4 Street,POINT (-74.00030814755975 40.732254493367876),"['B', 'D', 'F', 'M']","B,M-weekdays and evenings, D,F-all times",True,"set([441, 366, 433])",1400000US36061009900,4831,1002374,172,90,3.6,1.9
85,51 Street,POINT (-73.97192000069982 40.75710699989316),"['4', '6', '6d']","4 nights, 6-all times, 6 Express-weekdays AM southbound, PM northbound",False,"set([49, 31])",1400000US36061018300,8223,224312,993,475,12.1,6.0
86,86 Street,POINT (-73.97621799859327 40.78864400073892),"['1', '2']","1-all times, 2-nights",False,"set([193, 158])",1400000US36061018300,8223,224312,993,475,12.1,6.0
87,233 Street,POINT (-73.85736239521543 40.89314324138378),"['2', '5']","2-all times, 5-rush hours AM southbound, PM northbound",True,"set([280, 248])",1400000US36081071306,6256,181329,719,378,11.5,6.7
88,66 Street - Lincoln Center,POINT (-73.98220899995783 40.77344000052039),"['1', '2']","1-all times, 2-nights",True,"set([162, 94])",1400000US36061015900,9120,175127,807,403,8.8,4.6
89,Hunts Point Avenue,POINT (-73.89054900017344 40.82094799852307),"['6', '6d']","6-all times, 6 Express-weekdays AM southbound, PM northbound",True,"set([250, 27, 52, 463])",1400000US36081061301,6281,713922,503,337,8.0,5.9
90,Canal Street,POINT (-74.0062770001748 40.72285399778783),"['1', '2']","1-all times, 2-nights",False,"set([464, 97])",1400000US36061009900,4831,1002374,172,90,3.6,1.9
91,Middletown Road,POINT (-73.83632199755944 40.84386300128381),"['6', '6d']","6 Express-weekdays AM southbound, PM northbound, 6-all other times",False,"set([26, 202])",1400000US36081093800,4682,809668,1337,445,28.6,10.0
92,23 Street,POINT (-73.98659900207888 40.739864000474604),"['4', '6', '6d']","4 nights, 6-all times, 6 Express-weekdays AM southbound, PM northbound",True,"set([200, 105])",1400000US36061015900,9120,175127,807,403,8.8,4.6
93,Court Square,POINT (-73.94526400039679 40.74702299889643),"['7', '7d']","7-all times, 7 Express-rush hours AM westbound, PM eastbound",True,"set([95, 103])",1400000US36081028300,7318,177715,563,343,7.7,4.8
94,59 Street - Columbus Circle,POINT (-73.98192900232715 40.76824700063689),"['1', '2']","1-all times, 2-nights",True,"set([88, 3])",1400000US36061015900,9120,175127,807,403,8.8,4.6
95,Hunters Point Avenue,POINT (-73.9489160009391 40.74221599986316),"['7', '7d']","7-all times, 7 Express-rush hours AM westbound, PM eastbound",False,"set([93, 101])",1400000US36081048100,6527,139052,1160,639,17.8,10.2
96,23 Street,POINT (-73.9956570016487 40.74408099989751),"['1', '2']","1-all times, 2-nights",False,"set([203, 199])",1400000US36081025302,2881,105029,87,55,3.0,2.0
97,Houston Street,POINT (-74.00536700180581 40.728251000730204),"['1', '2']","1-all times, 2-nights",False,"set([90, 195])",1400000US36061009900,4831,1002374,172,90,3.6,1.9
98,104 Street,POINT (-73.83768300060997 40.681711001091195),"['A', 'S']","S Euclid Av to Ozone Park-Lefferts Blvd-nights, A-all other times",False,"set([104, 83])",1400000US36081093800,4682,809668,1337,445,28.6,10.0
99,Broad Channel,POINT (-73.81583268782963 40.60840218069683),"['A', 'S']","A,S to Rockaway Park-all times",False,"set([17, 242, 205])",1400000US36081107201,2112,1385932,286,193,13.5,9.8
100,Ocean Parkway,POINT (-73.96850099975177 40.57631166708091),['Q'],Q-all times,False,"set([198, 327])",1400000US36061020500,5069,281121,260,151,5.1,3.1
101,Vernon Boulevard - Jackson Avenue,POINT (-73.95358099875249 40.74262599969749),"['7', '7d']","7-all times, 7 Express-rush hours AM westbound, PM eastbound",False,"set([204, 95])",1400000US36081048100,6527,139052,1160,639,17.8,10.2
102,68 Street - Hunter College,POINT (-73.96387000158042 40.76814100049679),"['4', '6', '6d']","4 nights, 6-all times, 6 Express-weekdays AM southbound, PM northbound",False,"set([49, 34])",1400000US36061020500,5069,281121,260,151,5.1,3.1
103,Queensboro Plaza,POINT (-73.9401635351909 40.750635651014804),"['7', '7d', 'N', 'W']","7,N-all times, 7 Express-rush hours AM westbound, PM eastbound, W part time",False,"set([293, 155, 93, 54, 357])",1400000US36081003300,2789,509003,145,64,5.2,2.4
104,Rockaway Boulevard,POINT (-73.8438529979573 40.680428999588415),"['A', 'S']","A-all times, S Euclid Av to Ozone Park-Lefferts Blvd-nights",False,"set([98, 243, 460])",1400000US36081071100,5865,375484,860,406,14.7,7.4
105,Union Square - 14 Street,POINT (-73.98995099881881 40.734673000996125),"['4', '5', '6', '6d']","4,6-all times, 5-all times exc nights, 6 Express-weekdays AM southbound, PM northbound",False,"set([1, 92])",1400000US36061015900,9120,175127,807,403,8.8,4.6
106,Bedford - Nostrand Avenues,POINT (-73.95352200064022 40.68962700158444),['G'],G-all times,False,"set([363, 70])",1400000US36081000700,5815,545045,276,173,4.7,3.2
107,15 Street - Prospect Park,POINT (-73.97973580592873 40.66003568810021),"['F', 'G']","F,G-all times",False,"set([108, 109])",1400000US36081088400,7263,1557916,1178,762,16.2,10.7
108,7 Avenue,POINT (-73.98025117900944 40.66624469001985),"['F', 'G']","F,G-all times",False,"set([107, 374])",1400000US36061015900,9120,175127,807,403,8.8,4.6
109,Ft Hamilton Parkway,POINT (-73.97577599917474 40.65078166803418),"['F', 'G']","F,G-all times",False,"set([107, 110])",1400000US36061018300,8223,224312,993,475,12.1,6.0
110,Church Avenue,POINT (-73.97972116229084 40.64427200012998),"['F', 'G']","F,G-all times",True,"set([109, 69])",1400000US36061018300,8223,224312,993,475,12.1,6.0
111,Beverly Road,POINT (-73.96435779623125 40.64390459860419),['Q'],Q-all times,False,"set([112, 461])",1400000US36061020500,5069,281121,260,151,5.1,3.1
112,Church Avenue,POINT (-73.96288246192114 40.65049324646484),"['B', 'Q']","B-weekdays and evenings, Q-all times",False,"set([114, 111])",1400000US36061020500,5069,281121,260,151,5.1,3.1
113,Newkirk Avenue,POINT (-73.96269486837261 40.63514193733789),"['B', 'Q']","B-weekdays and evenings, Q-all times",False,"set([344, 461])",1400000US36061020500,5069,281121,260,151,5.1,3.1
114,Parkside Avenue,POINT (-73.96145343987648 40.65507304163716),['Q'],Q-all times,False,"set([112, 61])",1400000US36061020500,5069,281121,260,151,5.1,3.1
115,Grand Army Plaza,POINT (-73.9709563319228 40.6752946951032),"['2', '3', '4']","4-nights, 3-all other times, 2-all times",False,"set([129, 4])",1400000US36061018300,8223,224312,993,475,12.1,6.0
116,Atlantic Avenue - Barclay's Center,POINT (-73.97754993539385 40.68442016526762),"['2', '3', '4', '5']","2,4-all times, 3-all times exc nights, 5-weekdays",True,"set([128, 42, 4])",1400000US36081009600,4079,206470,408,201,10.0,5.2
117,Rockaway Avenue,POINT (-73.91194599726617 40.678339999883505),"['A', 'C']","A-nights, C-all other times",False,"set([386, 38])",1400000US36081025302,2881,105029,87,55,3.0,2.0
118,Fulton Street,POINT (-73.97537499833149 40.68711899950771),['G'],G-all times,False,"set([367, 119])",1400000US36061018300,8223,224312,993,475,12.1,6.0
119,Clinton - Washington Avenues,POINT (-73.9667959986695 40.68809400106055),['G'],G-all times,False,"set([118, 70])",1400000US36061020500,5069,281121,260,151,5.1,3.1
120,7 Avenue,POINT (-73.97285279191024 40.67710217983294),"['B', 'Q']","B-weekdays and evenings, Q-all times",False,"set([61, 15])",1400000US36061018300,8223,224312,993,475,12.1,6.0
121,Atlantic Avenue - Barclay's Center,POINT (-73.97678343963167 40.684488323453685),"['B', 'Q']","B-weekdays and evenings, Q-all times",True,"set([120, 15])",1400000US36081009600,4079,206470,408,201,10.0,5.2
122,Atlantic Avenue - Barclay's Center,POINT (-73.97880999956767 40.683665667279435),"['D', 'N', 'Q', 'R']","D,N-all times, R-all times exc nights",True,"set([36, 15])",1400000US36061018300,8223,224312,993,475,12.1,6.0
123,Borough Hall,POINT (-73.99015100090539 40.692403999991036),"['4', '5']","4-all times, 5-weekdays",True,"set([128, 419])",1400000US36081001200,4998,227157,493,262,9.9,5.8
124,Aqueduct Racetrack,POINT (-73.83591899965162 40.672096999172844),['A'],"A-to Manhattan only, racing days only",True,"set([104, 243])",1400000US36081093800,4682,809668,1337,445,28.6,10.0
125,Morris Park,POINT (-73.86049500117254 40.85436399966426),['5'],5-all times,False,set([277]),1400000US36081069300,2864,142998,234,99,8.2,3.6
126,Pelham Parkway,POINT (-73.85535900043564 40.858984999820116),['5'],5-all times,True,"set([284, 125])",1400000US36081071306,6256,181329,719,378,11.5,6.7
127,Nostrand Avenue,POINT (-73.95042600099683 40.68043800006226),"['A', 'C']","A-all times, C-all times exc nights",False,"set([8, 447])",1400000US36081008600,2849,332283,238,140,8.4,5.2
128,Nevins Street,POINT (-73.98040679874578 40.68831058019022),"['2', '3', '4', '5']","2,4-all times, 3-all times exc nights, 5-weekdays",False,"set([123, 116, 405])",1400000US36061018200,7206,176899,1020,591,14.2,8.5
129,Eastern Parkway - Bklyn Museum,POINT (-73.96422203748425 40.67203223545925),"['2', '3', '4']","4-nights, 3-all other times, 2-all times",False,"set([42, 115])",1400000US36081008800,3928,448521,434,175,11.0,5.0
130,Beverly Road,POINT (-73.94884798381702 40.64512351894373),"['2', '5']","2-all times, 5-weekdays",False,"set([131, 132])",1400000US36081003300,2789,509003,145,64,5.2,2.4
131,Church Avenue,POINT (-73.94945514035334 40.6508606878022),"['2', '5']","2-all times, 5-weekdays",True,"set([130, 45])",1400000US36081003300,2789,509003,145,64,5.2,2.4
132,Newkirk Avenue,POINT (-73.94829990822407 40.63999124275311),"['2', '5']","2-all times, 5-weekdays",False,"set([130, 133])",1400000US36081003300,2789,509003,145,64,5.2,2.4
133,Brooklyn College - Flatbush Avenue,POINT (-73.94754120734406 40.63284240700742),"['2', '5']","2-all times, 5-weekdays",True,set([132]),1400000US36081003300,2789,509003,145,64,5.2,2.4
134,Sterling Street,POINT (-73.95072891124937 40.6627729934283),"['2', '5']","2-all times, 5-weekdays",False,"set([45, 455])",1400000US36081000700,5815,545045,276,173,4.7,3.2
135,Crown Heights - Utica Avenue,POINT (-73.93293256081851 40.66897831107809),"['3', '4']","3-all times exc nights, 4-all times",True,"set([136, 222])",1400000US36081017900,994,473761,41,32,4.1,3.3
136,Kingston Avenue,POINT (-73.94215978392963 40.66948144864978),"['3', '4']","4-nights, 3-all other times",False,"set([445, 135])",1400000US36081003300,2789,509003,145,64,5.2,2.4
137,Nassau Avenue,POINT (-73.95118300016523 40.724479997808274),['G'],G-all times,False,"set([138, 148])",1400000US36081000700,5815,545045,276,173,4.7,3.2
138,Greenpoint Avenue,POINT (-73.95442500146235 40.73126699971465),['G'],G-all times,False,"set([137, 154])",1400000US36081000700,5815,545045,276,173,4.7,3.2
139,Marcy Avenue,POINT (-73.95783200075729 40.708383000017925),"['J', 'M', 'Z']","J-all times, M-all times exc nights, Z-rush hours AM westbound, PM eastbound",True,"set([11, 140, 373])",1400000US36081000700,5815,545045,276,173,4.7,3.2
140,Hewes Street,POINT (-73.95348800038457 40.706889998054),"['J', 'M']","J-all times, skips weekdays AM westbound, PM eastbound, M-all times exc nights",False,"set([139, 76])",1400000US36081061301,6281,713922,503,337,8.0,5.9
141,138 Street - Grand Concourse,POINT (-73.92984899935611 40.81322399958908),"['4', '5']","4-all times, skips rush hours AM southbound, PM northbound, 5-all times exc nights",False,"set([289, 468, 47])",1400000US36081018101,4293,96143,431,227,10.0,5.6
142,5 Avenue - 53 Street,POINT (-73.9752485052734 40.76008683231326),"['E', 'M']","E-all times, M-weekdays and evenings",False,"set([348, 349, 143])",1400000US36061018300,8223,224312,993,475,12.1,6.0
143,Lexington Avenue - 53 Street,POINT (-73.96907237490204 40.75746830782865),"['E', 'M']","E-all times, M-weekdays and evenings",True,"set([66, 348, 142])",1400000US36061020500,5069,281121,260,151,5.1,3.1
144,28 Street,POINT (-73.98869800128737 40.74545399979951),"['N', 'Q', 'R', 'W']","N-all times, R-all times exc nights, part time",False,"set([145, 380])",1400000US36081026100,7098,221607,426,300,6.0,4.7
145,Herald Square - 34 Street,POINT (-73.9879368338264 40.74964456009442),"['N', 'Q', 'R', 'W']","N,Q-all times, R-all times exc nights",True,"set([80, 144, 379])",1400000US36081046500,3680,129758,249,147,6.8,4.3
146,1 Avenue,POINT (-73.98168087489128 40.73097497580066),['L'],L-all times,False,"set([151, 383])",1400000US36061015900,9120,175127,807,403,8.8,4.6
147,Times Square - 42 Street,POINT (-73.98622899953202 40.755983000570076),['S'],"S to Grand Central-all times exc nights, closed nights-use 7",False,set([81]),1400000US36061015900,9120,175127,807,403,8.8,4.6
148,Metropolitan Avenue,POINT (-73.9514239994525 40.71277400073426),['G'],G-all times,False,"set([137, 71])",1400000US36081046800,3171,229428,455,304,14.3,9.9
149,Grand Street,POINT (-73.94049699874644 40.71157600064823),['L'],L-all times,False,"set([152, 150])",1400000US36081061301,6281,713922,503,337,8.0,5.9
150,Graham Avenue,POINT (-73.94394399869037 40.714575998363635),['L'],L-all times,False,"set([72, 149])",1400000US36081077300,2189,279070,311,174,14.2,8.8
151,Bedford Avenue,POINT (-73.95666499806525 40.71717399858899),['L'],L-all times,False,"set([72, 146])",1400000US36081000700,5815,545045,276,173,4.7,3.2
152,Montrose Avenue,POINT (-73.93979284713505 40.70739106438455),['L'],L-all times,False,"set([306, 149])",1400000US36081023600,2701,176279,240,194,8.9,7.6
153,Long Island City - Court Square,POINT (-73.94381559597835 40.74630503357145),['G'],G-all times,False,set([154]),1400000US36081026700,6539,209800,390,193,6.0,3.2
154,21 Street,POINT (-73.9495999997552 40.7441286664954),['G'],G-all times,False,set([138]),1400000US36081025302,2881,105029,87,55,3.0,2.0
155,39 Avenue,POINT (-73.93285137679598 40.75276306140845),"['N', 'W']","N-all times, W part time",False,"set([78, 103])",1400000US36081025500,1423,218247,98,50,6.9,3.7
156,145 Street,POINT (-73.95035999879713 40.82655099962194),['1'],1-all times,False,"set([172, 157])",1400000US36081000700,5815,545045,276,173,4.7,3.2
157,157 Street,POINT (-73.94488999901047 40.8340410001399),['1'],1-all times,False,"set([177, 156])",1400000US36081003300,2789,509003,145,64,5.2,2.4
158,96 Street,POINT (-73.97232299915696 40.79391900121471),"['1', '2', '3']","1,2,3-all times",True,"set([160, 162, 86, 159])",1400000US36061018300,8223,224312,993,475,12.1,6.0
159,103 Street,POINT (-73.96837899960818 40.799446000334825),['1'],1-all times,False,"set([158, 166])",1400000US36061020500,5069,281121,260,151,5.1,3.1
160,Central Park North (110 Street),POINT (-73.95182200176913 40.79907499977324),"['2', '3']","2,3-all times",False,"set([170, 158])",1400000US36081000700,5815,545045,276,173,4.7,3.2
161,103 Street,POINT (-73.96137008267617 40.796060739904526),"['A', 'B', 'C']","A-nights, B-weekdays and evenings, C-all times exc nights",False,"set([57, 7])",1400000US36061020500,5069,281121,260,151,5.1,3.1
162,72 Street,POINT (-73.98197000159583 40.77845300068614),"['1', '2', '3']","1,2,3-all times",True,"set([88, 193, 158, 359])",1400000US36061015900,9120,175127,807,403,8.8,4.6
163,81 Street,POINT (-73.97209794937208 40.78134608418206),"['A', 'B', 'C']","A-nights, B-weekdays and evenings, C-all times exc nights",False,"set([56, 165])",1400000US36061018300,8223,224312,993,475,12.1,6.0
164,75 Avenue,POINT (-73.83692369387158 40.71804465348743),"['E', 'F']","E-evenings, weekends, nights, F-all times",False,"set([64, 245])",1400000US36081093800,4682,809668,1337,445,28.6,10.0
165,86 Street,POINT (-73.96882849429672 40.78582304678557),"['A', 'B', 'C']","A-nights, B-weekdays and evenings, C-all times exc nights",False,"set([57, 163])",1400000US36061020500,5069,281121,260,151,5.1,3.1
166,Cathedral Parkway (110 Street),POINT (-73.9668470005456 40.80396699961484),['1'],1-all times,False,"set([159, 167])",1400000US36061020500,5069,281121,260,151,5.1,3.1
167,116 Street - Columbia University,POINT (-73.96410999757751 40.807722001230864),['1'],1-all times,False,"set([166, 287])",1400000US36061020500,5069,281121,260,151,5.1,3.1
168,125 Street,POINT (-73.94549500011411 40.807753999182815),"['2', '3']","2,3-all times",False,"set([169, 170])",1400000US36081003300,2789,509003,145,64,5.2,2.4
169,135 Street,POINT (-73.94077000106708 40.8142290003391),"['2', '3']","2,3-all times",True,"set([168, 289, 173])",1400000US36081020800,2554,543966,230,152,9.0,6.3
170,116 Street,POINT (-73.94962500096905 40.802097999133004),"['2', '3']","2,3-all times",False,"set([168, 160])",1400000US36081003300,2789,509003,145,64,5.2,2.4
171,Tremont Avenue,POINT (-73.90522700122354 40.850409999510234),"['B', 'D']","B-rush hours, D-all times",False,"set([295, 20, 21, 263])",1400000US36081058900,4165,165272,179,97,4.3,2.7
172,137 Street - City College,POINT (-73.95367600087873 40.82200799968475),['1'],1-all times,False,"set([156, 287])",1400000US36081000700,5815,545045,276,173,4.7,3.2
173,145 Street,POINT (-73.93624499873299 40.82042099969279),['3'],"3-all times, exit only northbound",False,"set([169, 261])",1400000US36081017900,994,473761,41,32,4.1,3.3
174,176 Street,POINT (-73.91179399884471 40.8484800012369),['4'],4-all times,False,"set([262, 175])",1400000US36081025302,2881,105029,87,55,3.0,2.0
175,Burnside Avenue,POINT (-73.9076840015997 40.85345300155693),['4'],4-all times,False,"set([174, 407])",1400000US36081058900,4165,165272,179,97,4.3,2.7
176,170 Street,POINT (-73.91339999846983 40.83930599964156),"['B', 'D']","B-rush hours, D-all times, skips rush hours AM southbound, PM northbound",False,"set([171, 21, 22])",1400000US36081025302,2881,105029,87,55,3.0,2.0
177,168 Street,POINT (-73.94013299907257 40.840555999148535),['1'],1-all times,False,"set([178, 157])",1400000US36081003300,2789,509003,145,64,5.2,2.4
178,181 Street,POINT (-73.9335959996056 40.84950499974065),['1'],1-all times,False,"set([177, 179])",1400000US36081017900,994,473761,41,32,4.1,3.3
179,191 Street,POINT (-73.92941199742039 40.85522500175836),['1'],1-all times,False,"set([178, 286])",1400000US36081018101,4293,96143,431,227,10.0,5.6
180,175 Street,POINT (-73.93970399761596 40.84739100072403),['A'],A-all times,True,"set([58, 396])",1400000US36081017900,994,473761,41,32,4.1,3.3
181,Beach 44 Street,POINT (-73.77601299999507 40.59294299908617),['A'],A-all times,False,"set([185, 182])",1400000US36081097202,2634,576641,445,193,16.9,8.0
182,Beach 60 Street,POINT (-73.7885219980118 40.59237400121235),['A'],A-all times,False,"set([205, 181])",1400000US36081097202,2634,576641,445,193,16.9,8.0
183,Beach 98 Street,POINT (-73.82052058959523 40.58538569133279),"['A', 'S']","A-rush hours AM northbound, PM southbound, S Broad Channel to Rockaway Park-all times",False,"set([16, 17])",1400000US36081094201,3347,347514,698,262,20.9,8.6
184,Rockaway Park - Beach 116 Street,POINT (-73.83559008701239 40.580955865573515),"['A', 'S']","A-rush hours AM northbound, PM southbound, S to Broad Channel-all times",False,set([16]),1400000US36081093800,4682,809668,1337,445,28.6,10.0
185,Beach 36 Street,POINT (-73.76817499939688 40.59539800166876),['A'],A-all times,False,"set([186, 181])",1400000US36081099801,7249,456707,1057,707,14.6,10.5
186,Beach 25 Street,POINT (-73.76135299762073 40.60006600105881),['A'],A-all times,False,"set([185, 55])",1400000US36081099801,7249,456707,1057,707,14.6,10.5
187,Parsons Boulevard,POINT (-73.80328900021885 40.707571999615695),['F'],F-all times,False,"set([188, 246])",1400000US36081023600,2701,176279,240,194,8.9,7.6
188,169 Street,POINT (-73.79347419927721 40.710517502784),['F'],F-all times,False,"set([187, 279])",1400000US36081095400,5072,808825,819,344,16.1,7.3
189,103 Street - Corona Plaza,POINT (-73.86269999830412 40.749865000555545),['7'],7-all times,False,"set([24, 190])",1400000US36081069300,2864,142998,234,99,8.2,3.6
190,111 Street,POINT (-73.85533399834884 40.75172999941711),['7'],7-all times,False,"set([189, 23])",1400000US36081071306,6256,181329,719,378,11.5,6.7
191,63 Dr - Rego Park,POINT (-73.86161820097203 40.729763972422425),"['E', 'M', 'R']","E-nights, R-all other times, M-weekdays and evenings",False,"set([232, 67])",1400000US36081069300,2864,142998,234,99,8.2,3.6
192,Grant Avenue,POINT (-73.86504999877702 40.67704400054478),"['A', 'S']","A-all times, S Euclid Av to Ozone Park-Lefferts Blvd-nights",False,"set([465, 459])",1400000US36081069300,2864,142998,234,99,8.2,3.6
193,79 Street,POINT (-73.97991700056134 40.78393399959032),"['1', '2']","1-all times, 2-nights",False,"set([162, 86])",1400000US36061018300,8223,224312,993,475,12.1,6.0
194,Atlantic Avenue,POINT (-73.9030969995401 40.67534466640805),['L'],L-all times,False,"set([73, 283])",1400000US36081058900,4165,165272,179,97,4.3,2.7
195,Christopher Street - Sheridan Square,POINT (-74.00290599855235 40.73342200104225),"['1', '2']","1-all times, 2-nights",False,"set([97, 439])",1400000US36081068300,4476,244391,662,375,14.8,8.8
196,Ozone Park - Lefferts Boulevard,POINT (-73.82579799906613 40.68595099878361),"['A', 'S']","S to Euclid Av-nights, A-all other times",False,set([83]),1400000US36081094201,3347,347514,698,262,20.9,8.6
197,Times Square - 42 Street,POINT (-73.98769099825152 40.755477001982506),"['7', '7d']","7-all times, 7 Express-rush hours AM westbound, PM eastbound",True,set([466]),1400000US36061015900,9120,175127,807,403,8.8,4.6
198,W 8 Street - NY Aquarium,POINT (-73.97595787413822 40.576033818103646),"['F', 'Q']","F,Q-all times",False,"set([100, 333, 469])",1400000US36061018300,8223,224312,993,475,12.1,6.0
199,28 Street,POINT (-73.99336500134324 40.74721499918219),"['1', '2']","1-all times, 2-nights",False,"set([96, 358])",1400000US36081028300,7318,177715,563,343,7.7,4.8
200,28 Street,POINT (-73.98426400110407 40.743069999259035),"['4', '6', '6d']","4 nights, 6-all times, 6 Express-weekdays AM southbound, PM northbound",False,"set([32, 92])",1400000US36081025301,3967,127194,256,103,6.5,2.6
201,Pelham Bay Park,POINT (-73.82812100059289 40.85246199951662),"['6', '6d']","6 Express-weekdays AM southbound, PM northbound, 6-all other times",True,set([26]),1400000US36081094201,3347,347514,698,262,20.9,8.6
202,Westchester Square - E Tremont Avenue,POINT (-73.84295199925012 40.839892001013915),"['6', '6d']","6 Express-weekdays AM southbound, PM northbound, 6-all other times",False,"set([91, 30])",1400000US36081071100,5865,375484,860,406,14.7,7.4
203,18 Street,POINT (-73.99787100060406 40.741039999802105),"['1', '2']","1-all times, 2-nights",False,"set([96, 439])",1400000US36061010100,1259,175518,70,51,5.6,4.1
204,Grand Central - 42 Street,POINT (-73.97604100111508 40.751431000286864),"['7', '7d']","7-all times, 7 Express-rush hours AM westbound, PM eastbound",True,"set([466, 101])",1400000US36081040100,8193,211990,439,218,5.4,3.0
205,Beach 67 Street,POINT (-73.7969239998421 40.59092700078133),['A'],A-all times,False,"set([99, 182])",1400000US36081095400,5072,808825,819,344,16.1,7.3
206,W 4 Street,POINT (-74.00049500225435 40.73233799774325),"['A', 'C', 'E']","A,E-all times, C-all times exc nights",True,"set([395, 444])",1400000US36061009900,4831,1002374,172,90,3.6,1.9
207,85 Street - Forest Parkway,POINT (-73.86008700006875 40.69242699966103),['J'],J-all times,False,"set([208, 229])",1400000US36081069300,2864,142998,234,99,8.2,3.6
208,Woodhaven Boulevard,POINT (-73.85205199740794 40.69370399880105),"['J', 'Z']","J-all times, Z-rush hours AM westbound, PM eastbound",False,"set([209, 229, 14, 207])",1400000US36081071306,6256,181329,719,378,11.5,6.7
209,111 Street,POINT (-73.83679338454697 40.697114810696476),['J'],J-all times,False,"set([210, 14])",1400000US36081093800,4682,809668,1337,445,28.6,10.0
210,121 Street,POINT (-73.82834900017954 40.700481998515315),"['J', 'Z']","Z-rush hours AM westbound, PM eastbound, J-all other times",False,"set([209, 14, 65])",1400000US36081094201,3347,347514,698,262,20.9,8.6
211,Halsey Street,POINT (-73.90393400118631 40.69551800114878),['L'],L-all times,False,"set([74, 212])",1400000US36081058900,4165,165272,179,97,4.3,2.7
212,Myrtle - Wyckoff Avenues,POINT (-73.9109757182647 40.699471062427136),['L'],L-all times,True,"set([235, 211])",1400000US36081025302,2881,105029,87,55,3.0,2.0
213,New Lots Avenue,POINT (-73.88411070800329 40.6663149325969),"['3', '4']","4-nights, 3-all other times",False,set([46]),1400000US36081061301,6281,713922,503,337,8.0,5.9
214,Van Siclen Avenue,POINT (-73.8903580002471 40.67270999906104),"['A', 'C']","A-nights, C-all other times",False,"set([385, 226])",1400000US36081061301,6281,713922,503,337,8.0,5.9
215,Cleveland Street,POINT (-73.8851940021643 40.679777998961164),['J'],J-all times,False,"set([225, 227, 12, 13])",1400000US36081061301,6281,713922,503,337,8.0,5.9
216,Livonia Avenue,POINT (-73.90056237226057 40.66405727094644),['L'],L-all times,False,"set([73, 223])",1400000US36081058900,4165,165272,179,97,4.3,2.7
217,Junius Street,POINT (-73.90244864183562 40.66358900181724),"['3', '4']","4-nights, 3-all other times",False,"set([218, 5])",1400000US36081058900,4165,165272,179,97,4.3,2.7
218,Rockaway Avenue,POINT (-73.90895833584449 40.66261748815223),"['3', '4']","4-nights, 3-all other times",False,"set([217, 221])",1400000US36081058900,4165,165272,179,97,4.3,2.7
219,Canarsie - Rockaway Parkway,POINT (-73.90185000017287 40.64665366739528),['L'],L-all times,True,set([220]),1400000US36081058900,4165,165272,179,97,4.3,2.7
220,E 105 Street,POINT (-73.89954769388724 40.65046878544699),['L'],L-all times,False,"set([219, 223])",1400000US36081061301,6281,713922,503,337,8.0,5.9
221,Saratoga Avenue,POINT (-73.91633025007947 40.6615297898075),"['3', '4']","4-nights, 3-all other times",False,"set([218, 222])",1400000US36081025302,2881,105029,87,55,3.0,2.0
222,Sutter Avenue - Rutland Road,POINT (-73.92252118536001 40.66476678877493),"['3', '4']","4-nights, 3-all other times",False,"set([221, 135])",1400000US36081018101,4293,96143,431,227,10.0,5.6
223,New Lots Avenue,POINT (-73.89927796057142 40.65891477368527),['L'],L-all times,False,"set([216, 220])",1400000US36081061301,6281,713922,503,337,8.0,5.9
224,Broadway Junction,POINT (-73.90428999746412 40.67936600147369),"['J', 'Z']","J-all times, Z-rush hours AM westbound, PM eastbound",False,"set([225, 75, 35])",1400000US36081058900,4165,165272,179,97,4.3,2.7
225,Alabama Avenue,POINT (-73.89852600159652 40.676998000003756),['J'],J-all times,False,"set([224, 12, 215])",1400000US36081061301,6281,713922,503,337,8.0,5.9
226,Shepherd Avenue,POINT (-73.88074999747269 40.6741300014559),"['A', 'C']","A-nights, C-all other times",False,"set([459, 214])",1400000US36081061301,6281,713922,503,337,8.0,5.9
227,Crescent Street,POINT (-73.87392925215778 40.68315265707736),"['J', 'Z']","J-all times, Z-rush hours AM westbound, PM eastbound",False,"set([215, 228, 229, 13])",1400000US36081047300,3710,198491,392,274,10.6,7.6
228,Cypress Hills,POINT (-73.87332199882995 40.689616000838754),['J'],J-all times,False,"set([227, 229, 207])",1400000US36081047300,3710,198491,392,274,10.6,7.6
229,75 Street - Eldert Ln,POINT (-73.86728799944963 40.691290001246735),"['J', 'Z']","Z-rush hours AM westbound, PM eastbound, J-all other times",False,"set([228, 207])",1400000US36081069300,2864,142998,234,99,8.2,3.6
230,69 Street,POINT (-73.8964029993185 40.746324999410284),['7'],7-all times,False,"set([54, 231])",1400000US36081061301,6281,713922,503,337,8.0,5.9
231,74 Street - Broadway,POINT (-73.8912051289911 40.746867573829114),['7'],7-all times,False,"set([240, 230])",1400000US36081061301,6281,713922,503,337,8.0,5.9
232,Woodhaven Boulevard - Queens Mall,POINT (-73.86943208612348 40.73309737380972),"['E', 'M', 'R']","E-nights, R-all other times, M-weekdays and evenings",False,"set([68, 191])",1400000US36081069300,2864,142998,234,99,8.2,3.6
233,Myrtle - Wyckoff Avenues,POINT (-73.91217899939602 40.69945400090837),['M'],M-all times,True,"set([234, 303])",1400000US36081025302,2881,105029,87,55,3.0,2.0
234,Seneca Avenue,POINT (-73.90758199885423 40.70291899894902),['M'],M-all times,False,"set([233, 449])",1400000US36081058900,4165,165272,179,97,4.3,2.7
235,DeKalb Avenue,POINT (-73.91823200219723 40.70369299961644),['L'],L-all times,False,"set([305, 212])",1400000US36081025302,2881,105029,87,55,3.0,2.0
236,52 Street,POINT (-73.91254899891254 40.744149001021576),['7'],7-all times,False,"set([54, 239])",1400000US36081025302,2881,105029,87,55,3.0,2.0
237,46 Street,POINT (-73.91352174995538 40.756316952608096),"['E', 'M', 'R']","E-nights, R-all other times, M-weekdays and evenings",False,"set([299, 238])",1400000US36081025302,2881,105029,87,55,3.0,2.0
238,Northern Boulevard,POINT (-73.90606508052358 40.752824829236076),"['E', 'M', 'R']","E-nights, R-all other times, M-weekdays and evenings",False,"set([9, 237])",1400000US36081058900,4165,165272,179,97,4.3,2.7
239,46 Street,POINT (-73.91843500103973 40.74313200060382),['7'],7-all times,False,"set([236, 294])",1400000US36081025302,2881,105029,87,55,3.0,2.0
240,82 Street - Jackson Heights,POINT (-73.88369700071884 40.747658999559135),['7'],7-all times,False,"set([241, 231])",1400000US36081061301,6281,713922,503,337,8.0,5.9
241,90 Street - Elmhurst Avenue,POINT (-73.87661299986985 40.74840800060913),['7'],7-all times,False,"set([24, 240])",1400000US36081047300,3710,198491,392,274,10.6,7.6
242,Howard Beach - JFK Airport,POINT (-73.83030100071032 40.66047600004959),['A'],A-all times,True,"set([99, 243])",1400000US36081093800,4682,809668,1337,445,28.6,10.0
243,Aqueduct - North Conduit Avenue,POINT (-73.83405799948723 40.668234001699815),['A'],A-all times,False,"set([104, 242, 124])",1400000US36081093800,4682,809668,1337,445,28.6,10.0
244,Briarwood - Van Wyck Boulevard,POINT (-73.82069263637443 40.70916181536946),"['E', 'F']","E-evenings, weekends, nights, F-all times",False,"set([164, 246])",1400000US36081094201,3347,347514,698,262,20.9,8.6
245,Forest Hills - 71 Avenue,POINT (-73.84451672012669 40.72159430953587),"['E', 'F', 'M', 'R']","E,F-all times, M-weekdays and evenings, R-all times exc nights",True,"set([64, 67, 164, 438])",1400000US36081071100,5865,375484,860,406,14.7,7.4
246,Sutphin Boulevard,POINT (-73.81083299897232 40.70541799906764),['F'],F-all times,False,"set([187, 244])",1400000US36081107201,2112,1385932,286,193,13.5,9.8
247,Jamaica Center - Parsons / Archer,POINT (-73.80109632298924 40.70206737621188),"['E', 'J', 'Z']","E,J-all times, Z-rush hours AM westbound, PM eastbound",True,set([65]),1400000US36081054900,5478,164280,255,97,4.7,2.0
248,225 Street,POINT (-73.86021461772737 40.88802825863786),"['2', '5']","2-all times, 5-rush hours AM southbound, PM northbound",False,"set([273, 87])",1400000US36081069300,2864,142998,234,99,8.2,3.6
249,Elder Avenue,POINT (-73.87915899874777 40.82858400108929),['6'],6-all times,False,"set([51, 52])",1400000US36081047300,3710,198491,392,274,10.6,7.6
250,Longwood Avenue,POINT (-73.89643499897414 40.816103999972405),['6'],6-all times,False,"set([89, 50])",1400000US36081061301,6281,713922,503,337,8.0,5.9
251,Astoria Boulevard,POINT (-73.91809500109238 40.77003699949086),"['N', 'W']","N-all times, W part time",False,"set([304, 252])",1400000US36081025302,2881,105029,87,55,3.0,2.0
252,Astoria - Ditmars Boulevard,POINT (-73.9120340001031 40.775035666523664),"['N', 'W']","N-all times, W part time",False,set([251]),1400000US36081025302,2881,105029,87,55,3.0,2.0
253,Jackson Avenue,POINT (-73.9077019387083 40.81643746686396),"['2', '5']","2-all times, 5-all times exc nights, skips rush hours AM southbound, PM northbound",False,"set([289, 254])",1400000US36081058900,4165,165272,179,97,4.3,2.7
254,Prospect Avenue,POINT (-73.90177778730917 40.81948726483844),"['2', '5']","2-all times, 5-all times exc nights, skips rush hours AM southbound, PM northbound",False,"set([19, 253])",1400000US36081058900,4165,165272,179,97,4.3,2.7
255,Cypress Avenue,POINT (-73.91404199994753 40.8053680007636),['6'],6-all times,False,"set([258, 292])",1400000US36081025302,2881,105029,87,55,3.0,2.0
256,174 Street,POINT (-73.88769359812888 40.837195550170605),"['2', '5']","2-all times, 5-all times exc nights, skips rush hours AM southbound, PM northbound",False,"set([272, 18])",1400000US36081061301,6281,713922,503,337,8.0,5.9
257,Allerton Avenue,POINT (-73.86723422851625 40.86548337793927),"['2', '5']","2-all times, 5-rush hours AM southbound, PM northbound",False,"set([276, 39])",1400000US36081069300,2864,142998,234,99,8.2,3.6
258,E 143 Street - Street Mary's Street,POINT (-73.90765699936489 40.80871900090143),['6'],6-all times,False,"set([50, 255])",1400000US36081058900,4165,165272,179,97,4.3,2.7
259,Kingsbridge Road,POINT (-73.89717400101743 40.867760000885795),['4'],4-all times,False,"set([408, 260])",1400000US36081061301,6281,713922,503,337,8.0,5.9
260,Bedford Park Boulevard - Lehman College,POINT (-73.89006400069478 40.87341199980121),['4'],4-all times,False,"set([274, 259])",1400000US36081061301,6281,713922,503,337,8.0,5.9
261,Harlem - 148 Street,POINT (-73.93647000005559 40.82388000080457),['3'],3-all times,False,set([173]),1400000US36081017900,994,473761,41,32,4.1,3.3
262,Mt Eden Avenue,POINT (-73.9146849986034 40.84443400092679),['4'],4-all times,False,"set([264, 174])",1400000US36081025302,2881,105029,87,55,3.0,2.0
263,Fordham Road,POINT (-73.89774900102401 40.861295998683495),"['B', 'D']","B-rush hours, D-all times",False,"set([59, 20, 171])",1400000US36081061301,6281,713922,503,337,8.0,5.9
264,170 Street,POINT (-73.91779099745928 40.84007499993004),['4'],4-all times,False,"set([291, 262])",1400000US36081046500,3680,129758,249,147,6.8,4.3
265,Bedford Park Boulevard,POINT (-73.88713799889574 40.87324399861646),"['B', 'D']","B-rush hours, D-all times",False,"set([275, 59])",1400000US36081061301,6281,713922,503,337,8.0,5.9
266,Marble Hill - 225 Street,POINT (-73.90983099923551 40.87456099941789),['1'],1-all times,False,"set([267, 268])",1400000US36081058900,4165,165272,179,97,4.3,2.7
267,231 Street,POINT (-73.90483400107873 40.87885599817935),['1'],1-all times,True,"set([266, 6])",1400000US36081058900,4165,165272,179,97,4.3,2.7
268,215 Street,POINT (-73.91527899954356 40.86944399946045),['1'],1-all times,False,"set([266, 269])",1400000US36081025302,2881,105029,87,55,3.0,2.0
269,207 Street,POINT (-73.91881900132312 40.864614000525854),['1'],1-all times,False,"set([268, 286])",1400000US36081025302,2881,105029,87,55,3.0,2.0
270,Inwood - 207 Street,POINT (-73.91989900100465 40.86807199999737),['A'],A-all times,True,set([431]),1400000US36081025302,2881,105029,87,55,3.0,2.0
271,Van Cortlandt Park - 242 Street,POINT (-73.89858300049647 40.88924800011476),['1'],1-all times,False,set([6]),1400000US36081061301,6281,713922,503,337,8.0,5.9
272,West Farms Square - E Tremont Avenue,POINT (-73.87996127877184 40.84020763241799),"['2', '5']","2-all times, 5-all times exc nights, skips rush hours AM southbound, PM northbound",False,"set([256, 285])",1400000US36081047300,3710,198491,392,274,10.6,7.6
273,219 Street,POINT (-73.8625097078866 40.883887974625274),"['2', '5']","2-all times, 5-rush hours AM southbound, PM northbound",False,"set([248, 40])",1400000US36081069300,2864,142998,234,99,8.2,3.6
274,Mosholu Parkway,POINT (-73.88465499988732 40.87974999947229),['4'],4-all times,False,"set([456, 260])",1400000US36081061301,6281,713922,503,337,8.0,5.9
275,Norwood - 205 Street,POINT (-73.87885499918691 40.87481100011182),['D'],D-all times,False,set([265]),1400000US36081047300,3710,198491,392,274,10.6,7.6
276,Burke Avenue,POINT (-73.86705361747603 40.87125880254771),"['2', '5']","2-all times, 5-rush hours AM southbound, PM northbound",False,"set([40, 257])",1400000US36081069300,2864,142998,234,99,8.2,3.6
277,Baychester Avenue,POINT (-73.83859099802153 40.87866300037311),['5'],5-all times,False,set([125]),1400000US36081093800,4682,809668,1337,445,28.6,10.0
278,Eastchester - Dyre Avenue,POINT (-73.8308340021742 40.88829999901007),['5'],5-all times,False,set([277]),1400000US36081093800,4682,809668,1337,445,28.6,10.0
279,Jamaica - 179 Street,POINT (-73.78381700176453 40.712645666744045),['F'],F-all times,True,set([188]),1400000US36081097202,2634,576641,445,193,16.9,8.0
280,Wakefield - 241 Street,POINT (-73.8506199987954 40.903125000541245),['2'],2-all times,False,set([87]),1400000US36081071306,6256,181329,719,378,11.5,6.7
281,Botanic Garden,POINT (-73.95924499945693 40.670342666584396),['S'],S Franklin Av-Fulton St to Prospect Park-all times,False,"set([82, 61])",1400000US36081000700,5815,545045,276,173,4.7,3.2
282,Bushwick - Aberdeen,POINT (-73.90526176305106 40.68286062551184),['L'],L-all times,False,"set([74, 283])",1400000US36081058900,4165,165272,179,97,4.3,2.7
283,Broadway Junction,POINT (-73.90311757920684 40.67845624842869),['L'],L-all times,False,"set([74, 194])",1400000US36081058900,4165,165272,179,97,4.3,2.7
284,Gun Hill Road,POINT (-73.84638400151765 40.86952599962676),['5'],5-all times,True,"set([277, 126])",1400000US36081071100,5865,375484,860,406,14.7,7.4
285,E 180 Street,POINT (-73.87334609510884 40.8418630412186),"['2', '5']","2,5-all times",False,"set([272, 44])",1400000US36081047300,3710,198491,392,274,10.6,7.6
286,Dyckman Street,POINT (-73.92553600006474 40.86053100138796),['1'],1-all times,True,"set([179, 269])",1400000US36081018101,4293,96143,431,227,10.0,5.6
287,125 Street,POINT (-73.95837200097044 40.815580999978934),['1'],1-all times,False,"set([172, 167])",1400000US36081000700,5815,545045,276,173,4.7,3.2
288,Franklin Avenue - Fulton Street,POINT (-73.95582700110425 40.68059566598263),['S'],S to Prospect Park-all times,False,set([82]),1400000US36081008600,2849,332283,238,140,8.4,5.2
289,149 Street - Grand Concourse,POINT (-73.92672247438611 40.81833014409742),"['2', '5']","2-all times, 5-all times exc nights",False,"set([169, 27, 141])",1400000US36081048100,6527,139052,1160,639,17.8,10.2
290,Steinway Street,POINT (-73.91779152760981 40.816029252510006),"['2', '5']","2-all times, 5-all times exc nights",True,"set([10, 237])",1400000US36081025302,2881,105029,87,55,3.0,2.0
291,167 Street,POINT (-73.92139999784426 40.83553699933672),['4'],4-all times,False,"set([48, 264])",1400000US36081018101,4293,96143,431,227,10.0,5.6
292,Brook Avenue,POINT (-73.91923999909432 40.80756599987699),['6'],6-all times,False,"set([27, 255])",1400000US36081025302,2881,105029,87,55,3.0,2.0
293,33 Street,POINT (-73.93099699953838 40.74458699983993),['7'],7-all times,False,"set([294, 103])",1400000US36081025302,2881,105029,87,55,3.0,2.0
294,40 Street,POINT (-73.9240159984882 40.74378100149132),['7'],7-all times,False,"set([293, 239])",1400000US36081025301,3967,127194,256,103,6.5,2.6
295,145 Street,POINT (-73.94408792823116 40.824766360871905),"['A', 'B', 'C', 'D']","A,D-all times, B-weekdays and evenings, C-all times exc nights",False,"set([440, 296, 58, 411, 399])",1400000US36081003300,2789,509003,145,64,5.2,2.4
296,155 Street,POINT (-73.93820899811622 40.8301349999812),"['B', 'D']","B-rush hours, D-all times, skips rush hours AM southbound, PM northbound",False,"set([297, 295])",1400000US36081017900,994,473761,41,32,4.1,3.3
297,161 Street - Yankee Stadium,POINT (-73.92565099775477 40.827904998845845),"['B', 'D']","B-rush hours, D-all times, skips rush hours AM southbound, PM northbound",True,"set([296, 22])",1400000US36081018101,4293,96143,431,227,10.0,5.6
298,Utica Avenue,POINT (-73.93072899914027 40.67936399950546),"['A', 'C']","A-all times, C-all times exc nights",True,"set([8, 38])",1400000US36081017900,994,473761,41,32,4.1,3.3
299,Steinway Street,POINT (-73.9205264716827 40.75698735912575),"['E', 'M', 'R']","E-nights, R-all other times, M-weekdays and evenings",False,"set([10, 237])",1400000US36081018101,4293,96143,431,227,10.0,5.6
300,Kosciuszko Street,POINT (-73.92850899927413 40.69317200129202),['J'],J-all times,False,"set([301, 373])",1400000US36081018101,4293,96143,431,227,10.0,5.6
301,Gates Avenue,POINT (-73.92215600150752 40.689583999013905),"['J', 'Z']","Z-rush hours AM westbound, PM eastbound, J-all other times",False,"set([35, 75, 300, 373])",1400000US36081018101,4293,96143,431,227,10.0,5.6
302,Central Avenue,POINT (-73.92724299902838 40.69787300011831),['M'],M-all times,False,"set([373, 303])",1400000US36081018101,4293,96143,431,227,10.0,5.6
303,Knickerbocker Avenue,POINT (-73.91972000188625 40.69866000123805),['M'],M-all times,False,"set([233, 302])",1400000US36081025302,2881,105029,87,55,3.0,2.0
304,30 Avenue,POINT (-73.9214790001739 40.76677866673298),"['N', 'W']","N-all times, W part time",False,"set([251, 79])",1400000US36081018101,4293,96143,431,227,10.0,5.6
305,Jefferson Street,POINT (-73.9229130000312 40.706606665988716),['L'],L-all times,False,"set([306, 235])",1400000US36081061301,6281,713922,503,337,8.0,5.9
306,Morgan Avenue,POINT (-73.93314700024209 40.70615166680729),['L'],L-all times,False,"set([152, 305])",1400000US36081061301,6281,713922,503,337,8.0,5.9
307,Queens Plaza,POINT (-73.93713823965695 40.74891771986323),"['E', 'M', 'R']","E-all times, M-weekdays and evenings, R-all times exc nights",True,"set([10, 355, 357, 438])",1400000US36081027700,7638,174892,484,329,6.3,4.7
308,18 Avenue,POINT (-73.97697099965796 40.62975466638584),['F'],F-all times,False,"set([69, 342])",1400000US36061018300,8223,224312,993,475,12.1,6.0
309,77 Street,POINT (-74.0255099996266 40.629741666886915),['R'],R-all times,False,"set([318, 310])",1400000US36047053200,2539,174306,311,220,12.2,9.8
310,Bay Ridge Avenue,POINT (-74.02337699950728 40.63496666682377),['R'],R-all times,False,"set([387, 309])",1400000US36047013600,3813,214252,306,153,8.0,4.2
311,50 Street,POINT (-73.9946587805514 40.636260890961395),['D'],D-all times,False,"set([392, 62])",1400000US36061010100,1259,175518,70,51,5.6,4.1
312,Ft Hamilton Parkway,POINT (-74.00535100046275 40.63138566722445),['N'],N-all times,False,"set([324, 77])",1400000US36061009900,4831,1002374,172,90,3.6,1.9
313,25 Avenue,POINT (-73.98682900011477 40.59770366695856),['D'],D-all times,False,"set([314, 335])",1400000US36061015900,9120,175127,807,403,8.8,4.6
314,Bay Parkway,POINT (-73.9936762000529 40.601950461572315),['D'],D-all times,True,"set([321, 313])",1400000US36061010100,1259,175518,70,51,5.6,4.1
315,20 Avenue,POINT (-73.98452199846113 40.617108999866005),['N'],N-all times,False,"set([316, 341])",1400000US36061015900,9120,175127,807,403,8.8,4.6
316,18 Avenue,POINT (-73.99045399865993 40.620686997680025),['N'],N-all times,False,"set([315, 324])",1400000US36061010100,1259,175518,70,51,5.6,4.1
317,Bay Ridge - 95 Street,POINT (-74.03087600085765 40.61662166725951),['R'],R-all times,False,set([318]),1400000US36047005400,3398,161905,369,245,10.9,7.5
318,86 Street,POINT (-74.0283979999864 40.62268666715025),['R'],R-all times,False,"set([309, 317])",1400000US36047013600,3813,214252,306,153,8.0,4.2
319,79 Street,POINT (-74.00058287431507 40.61315892569516),['D'],D-all times,False,"set([320, 322])",1400000US36061009900,4831,1002374,172,90,3.6,1.9
320,71 Street,POINT (-73.99884094850685 40.61925870977273),['D'],D-all times,False,"set([323, 319])",1400000US36061010100,1259,175518,70,51,5.6,4.1
321,20 Avenue,POINT (-73.99817432157568 40.60467699816932),['D'],D-all times,False,"set([322, 314])",1400000US36061010100,1259,175518,70,51,5.6,4.1
322,18 Avenue,POINT (-74.00159259239406 40.60773573171741),['D'],D-all times,False,"set([321, 319])",1400000US36061009900,4831,1002374,172,90,3.6,1.9
323,62 Street,POINT (-73.99685724994863 40.626224462922195),['D'],D-all times,False,"set([320, 62])",1400000US36061010100,1259,175518,70,51,5.6,4.1
324,New Utrecht Avenue,POINT (-73.99635300025969 40.62484166725887),['N'],N-all times,False,"set([312, 316])",1400000US36061010100,1259,175518,70,51,5.6,4.1
325,Avenue U,POINT (-73.97337641974885 40.59592482551748),['F'],F-all times,False,"set([334, 326])",1400000US36081099200,4170,581565,691,318,16.6,8.5
326,Kings Highway,POINT (-73.9723553085244 40.603258405128265),['F'],F-all times,False,"set([337, 325])",1400000US36081100802,9017,1038703,1062,499,11.8,6.2
327,Brighton Beach,POINT (-73.96135378598797 40.577710196642435),"['B', 'Q']","B-weekdays and evenings, Q-all times",False,"set([328, 100])",1400000US36061020500,5069,281121,260,151,5.1,3.1
328,Sheepshead Bay,POINT (-73.95405791257907 40.58654754707536),"['B', 'Q']","B-weekdays and evenings, Q-all times",False,"set([345, 327, 15])",1400000US36081000700,5815,545045,276,173,4.7,3.2
329,Avenue U,POINT (-73.95581122316301 40.59930895095475),['Q'],Q-all times,False,"set([345, 330])",1400000US36081000700,5815,545045,276,173,4.7,3.2
330,Kings Highway,POINT (-73.95760873538083 40.608638645396006),"['B', 'Q']","B-weekdays and evenings, Q-all times",True,"set([329, 340])",1400000US36081107201,2112,1385932,286,193,13.5,9.8
331,Avenue U,POINT (-73.97908400099428 40.597235999920436),['N'],N-all times,False,set([332]),1400000US36061018300,8223,224312,993,475,12.1,6.0
332,Kings Highway,POINT (-73.98037300229343 40.60405899980493),['N'],N-all times,False,"set([331, 341])",1400000US36061015900,9120,175127,807,403,8.8,4.6
333,Neptune Avenue,POINT (-73.97459272818807 40.580738758491464),['F'],F-all times,False,"set([198, 334])",1400000US36081093800,4682,809668,1337,445,28.6,10.0
334,Avenue X,POINT (-73.97426599968905 40.589449666625285),['F'],F-all times,False,"set([325, 333])",1400000US36061018300,8223,224312,993,475,12.1,6.0
335,Bay 50 Street,POINT (-73.98376500045946 40.58884066651933),['D'],D-all times,False,"set([313, 469])",1400000US36081094202,4636,713772,736,254,15.9,6.1
336,Gravesend - 86 Street,POINT (-73.97818899936274 40.59246500088859),['N'],N-all times,False,"set([331, 469])",1400000US36081097202,2634,576641,445,193,16.9,8.0
337,Avenue P,POINT (-73.97300281528751 40.608842808949916),['F'],F-all times,False,"set([338, 326])",1400000US36081107201,2112,1385932,286,193,13.5,9.8
338,Avenue N,POINT (-73.97404850873143 40.61435671190883),['F'],F-all times,False,"set([337, 339])",1400000US36061018300,8223,224312,993,475,12.1,6.0
339,Bay Parkway,POINT (-73.9752569782215 40.62073162316788),['F'],F-all times,False,"set([338, 342])",1400000US36061018300,8223,224312,993,475,12.1,6.0
340,Avenue M,POINT (-73.9592431052215 40.617397744443736),['Q'],Q-all times,False,"set([330, 343])",1400000US36081000700,5815,545045,276,173,4.7,3.2
341,Bay Parkway,POINT (-73.98178001069293 40.61145578989005),['N'],N-all times,False,"set([315, 332])",1400000US36061015900,9120,175127,807,403,8.8,4.6
342,Avenue I,POINT (-73.97606933170925 40.62501744019143),['F'],F-all times,False,"set([339, 308])",1400000US36061018300,8223,224312,993,475,12.1,6.0
343,Avenue J,POINT (-73.96069316246925 40.625022819915166),['Q'],Q-all times,False,"set([344, 340])",1400000US36061020500,5069,281121,260,151,5.1,3.1
344,Avenue H,POINT (-73.96151793942495 40.62920837758969),['Q'],Q-all times,True,"set([113, 343])",1400000US36061020500,5069,281121,260,151,5.1,3.1
345,Neck Road,POINT (-73.95507827493762 40.59532169111695),['Q'],Q-all times,False,"set([328, 329])",1400000US36081099200,4170,581565,691,318,16.6,8.5
346,21 Street - Queensbridge,POINT (-73.94193761457447 40.75373927087553),['F'],F-all times,True,"set([352, 438])",1400000US36081003300,2789,509003,145,64,5.2,2.4
347,50 Street,POINT (-73.98598400026407 40.76245599925997),"['A', 'C', 'E']","A-nights, C-all other times, E-all times",True,"set([353, 362, 348])",1400000US36061015900,9120,175127,807,403,8.8,4.6
348,7 Avenue,POINT (-73.98169782344476 40.76297015245628),"['B', 'D', 'E']","D,E-all times, B-weekdays and evenings",False,"set([353, 347, 349])",1400000US36061015900,9120,175127,807,403,8.8,4.6
349,47-50 Streets - Rockefeller Center,POINT (-73.98133100227702 40.75864100159815),"['B', 'D', 'F', 'M']","B,M-weekdays and evenings, D,F-all times",True,"set([60, 348, 142, 350])",1400000US36061015900,9120,175127,807,403,8.8,4.6
350,57 Street,POINT (-73.97736800085171 40.76408500081713),['F'],F-all times,False,"set([349, 351])",1400000US36061018300,8223,224312,993,475,12.1,6.0
351,Lexington Avenue - 63 Street,POINT (-73.96608964413245 40.76461809442373),"['F', 'Q']","F-all times, Q all times",True,"set([352, 641, 355, 350])",1400000US36061020500,5069,281121,260,151,5.1,3.1
352,Roosevelt Island - Main Street,POINT (-73.95323499978866 40.75917199967108),['F'],F-all times,False,"set([346, 351])",1400000US36081087100,2316,412384,257,174,11.1,8.0
353,59 Street - Columbus Circle,POINT (-73.98164872301398 40.768249531776064),"['A', 'B', 'C', 'D']","A,D-all times, B-weekdays and evenings, C-all times exc nights",True,"set([56, 362, 347, 348, 399])",1400000US36061015900,9120,175127,807,403,8.8,4.6
354,49 Street,POINT (-73.98420956591096 40.759801973870694),"['N', 'Q', 'R', 'W']","N-all times, Q-all times exc weekends, R-all times exc nights, W part time",True,"set([80, 355])",1400000US36081087100,2316,412384,257,174,11.1,8.0
355,57 Street,POINT (-73.98072973372128 40.76456552501829),"['N', 'Q', 'R', 'W']","N,Q-all times, R-all times exc nights, W part time",False,"set([80, 354, 356])",1400000US36061015900,9120,175127,807,403,8.8,4.6
356,5 Avenue - 59 Street,POINT (-73.97334700047045 40.764810999755284),"['N', 'R', 'W']","N-all times, R-all times exc nights, W part time",False,"set([355, 357])",1400000US36061018300,8223,224312,993,475,12.1,6.0
357,Lexington Avenue - 59 Street,POINT (-73.96737501711436 40.762708855394564),"['N', 'R', 'W']","N-all times, R-all times exc nights, W part time",False,"set([356, 103])",1400000US36061020500,5069,281121,260,151,5.1,3.1
358,34 Street - Penn Station,POINT (-73.99105699913983 40.75037300003949),"['1', '2', '3']","1,2,3-all times",True,"set([439, 199, 359])",1400000US36081001900,1655,867933,35,35,2.1,2.2
359,Times Square - 42 Street,POINT (-73.98749500051885 40.75528999995681),"['1', '2', '3']","1,2,3-all times",True,"set([162, 3, 358])",1400000US36061015900,9120,175127,807,403,8.8,4.6
360,Fulton Street,POINT (-74.00762309323994 40.71016216530185),"['A', 'C']","A-all times, C-all times exc nights",True,"set([361, 453])",1400000US36081046000,5817,221268,374,245,6.4,4.7
361,Chambers Street,POINT (-74.00858473570133 40.714111000774025),"['A', 'C']","A-all times, C-all times exc nights",False,"set([360, 410])",1400000US36081077300,2189,279070,311,174,14.2,8.8
362,42 Street - Port Authority Bus Terminal,POINT (-73.98973500085859 40.757307998551504),"['A', 'C', 'E']","A,E-all times, C-all times exc nights",True,"set([347, 437])",1400000US36061015900,9120,175127,807,403,8.8,4.6
363,Myrtle-Willoughby Avenues,POINT (-73.94906699890156 40.69461899903765),['G'],G-all times,False,"set([106, 364])",1400000US36081003300,2789,509003,145,64,5.2,2.4
364,Flushing Avenue,POINT (-73.9502340010257 40.70037666622154),['G'],G-all times,False,"set([363, 71])",1400000US36081020800,2554,543966,230,152,9.0,6.3
365,23 Street,POINT (-73.99276500471389 40.742954317826005),"['F', 'M']","F-all times, M-weekdays and evenings",False,"set([441, 366])",1400000US36081048100,6527,139052,1160,639,17.8,10.2
366,Herald Square - 34 Street,POINT (-73.98777189072918 40.74978939990011),"['B', 'D', 'F', 'M']","B,M-weekdays and evenings, D,F-all times",True,"set([84, 60, 365])",1400000US36081046500,3680,129758,249,147,6.8,4.3
367,Hoyt - Schermerhorn Streets,POINT (-73.98503624034139 40.68840847580642),"['A', 'C', 'G']","A,G-all times, C-all times exc nights",False,"set([368, 376, 118, 454])",1400000US36061015900,9120,175127,807,403,8.8,4.6
368,Jay Street - MetroTech,POINT (-73.98721815267317 40.692470636847084),"['A', 'C', 'F']","A,F-all times, C-all times exc nights",True,"set([376, 452, 453, 367])",1400000US36081001200,4998,227157,493,262,9.9,5.8
369,East Broadway,POINT (-73.99017700122197 40.713855001020406),['F'],F-all times,False,"set([352, 370])",1400000US36061010100,1259,175518,70,51,5.6,4.1
370,Delancey Street - Essex Street,POINT (-73.98807806807719 40.71868074219453),['F'],F-all times,False,"set([369, 371])",1400000US36081076901,4172,180732,297,200,7.1,5.4
371,Lower East Side - 2 Avenue,POINT (-73.98993800003434 40.72340166574911),['F'],F-all times,False,"set([433, 370])",1400000US36061015900,9120,175127,807,403,8.8,4.6
372,Flushing Avenue,POINT (-73.94137734838365 40.70040440298112),"['J', 'M']","J-all times, skips weekdays AM westbound, PM eastbound, M-all times exc nights",True,"set([76, 373])",1400000US36081020800,2554,543966,230,152,9.0,6.3
373,Myrtle Avenue,POINT (-73.9356230012996 40.6971950005145),"['J', 'M', 'Z']","J,M-all times, Z-rush hours AM westbound, PM eastbound",False,"set([300, 139, 372, 301, 302])",1400000US36081017900,994,473761,41,32,4.1,3.3
374,4 Avenue - 9 Street,POINT (-73.98977899938897 40.67027166728493),"['F', 'G']","F,G-all times",False,"set([108, 375])",1400000US36061015900,9120,175127,807,403,8.8,4.6
375,Smith - 9 Streets,POINT (-73.99589172790934 40.67364106090412),"['F', 'G']","F,G-all times",False,"set([394, 374])",1400000US36061010100,1259,175518,70,51,5.6,4.1
376,Bergen Street,POINT (-73.99075649573565 40.68611054725977),"['F', 'G']","F,G-all times",False,"set([368, 394, 367])",1400000US36061010100,1259,175518,70,51,5.6,4.1
377,Jay Street - MetroTech,POINT (-73.98605667854612 40.69225539645323),"['N', 'R']","N-nights, R-all other times",True,"set([378, 15])",1400000US36081001200,4998,227157,493,262,9.9,5.8
378,Court Street,POINT (-73.99181830901125 40.694196480776995),"['N', 'R']","N-nights, R-all other times",False,"set([377, 435, 421])",1400000US36061010100,1259,175518,70,51,5.6,4.1
379,Union Square - 14 Street,POINT (-73.99053886181645 40.73587226699812),"['N', 'Q', 'R', 'W']","N,Q-all times, R-all times exc nights",True,"set([401, 435, 380, 145])",1400000US36061010100,1259,175518,70,51,5.6,4.1
380,23 Street,POINT (-73.98934400102907 40.74130266729),"['N', 'Q', 'R', 'W']","N-all times, Q-nights, R-all times exc nights",False,"set([144, 379])",1400000US36061015900,9120,175127,807,403,8.8,4.6
381,Prospect Avenue,POINT (-73.99287200067424 40.66541366712979),"['D', 'N', 'R']","D,N-nights, R-all other times",False,"set([393, 382])",1400000US36061010100,1259,175518,70,51,5.6,4.1
382,4 Avenue - 9 Street,POINT (-73.98830199974512 40.670846666842756),"['D', 'N', 'R']","D,N-nights, R-all other times",False,"set([36, 381])",1400000US36061015900,9120,175127,807,403,8.8,4.6
383,3 Avenue,POINT (-73.98575000112093 40.73269099971662),['L'],L-all times,False,"set([384, 146])",1400000US36061015900,9120,175127,807,403,8.8,4.6
384,Union Square - 14 Street,POINT (-73.99066976901818 40.73476331217923),['L'],L-all times,True,"set([442, 383])",1400000US36061010100,1259,175518,70,51,5.6,4.1
385,Liberty Avenue,POINT (-73.89654800103929 40.67454199987086),"['A', 'C']","A-nights, C-all other times",False,"set([386, 214])",1400000US36081061301,6281,713922,503,337,8.0,5.9
386,Broadway Junction,POINT (-73.90531600055341 40.67833366608023),"['A', 'C']","A-all times, C-all times exc nights",False,"set([385, 117])",1400000US36081058900,4165,165272,179,97,4.3,2.7
387,59 Street,POINT (-74.01788099953987 40.6413616662838),"['N', 'R']","N,R-all times",False,"set([77, 310, 391])",1400000US36061000900,1622,315105,32,9,2.0,0.6
388,45 Street,POINT (-74.01000600074939 40.648938666612814),"['N', 'R']","N-nights, R-all times, skips nights northbound",False,"set([389, 391])",1400000US36061000900,1622,315105,32,9,2.0,0.6
389,36 Street,POINT (-74.00354899951809 40.65514366633887),"['D', 'N', 'R']","D,N,R-all times",False,"set([393, 122, 387, 388, 390])",1400000US36061009900,4831,1002374,172,90,3.6,1.9
390,9 Avenue,POINT (-73.99444874451204 40.64648407726636),['D'],D-all times,False,"set([392, 389])",1400000US36081071306,6256,181329,719,378,11.5,6.7
391,53 Street,POINT (-74.01403399986317 40.64506866735981),"['N', 'R']","N-nights, R-all times, skips nights northbound",False,"set([387, 388])",1400000US36061000900,1622,315105,32,9,2.0,0.6
392,Ft Hamilton Parkway,POINT (-73.9942022375285 40.640912711444656),['D'],D-all times,False,"set([390, 311])",1400000US36061010100,1259,175518,70,51,5.6,4.1
393,25 Street,POINT (-73.99809099974297 40.66039666692321),"['D', 'N', 'R']","D,N-nights, R-all other times",False,"set([381, 389])",1400000US36081088400,7263,1557916,1178,762,16.2,10.7
394,Carroll Street,POINT (-73.99494697998841 40.68027335170176),"['F', 'G']","F,G-all times",False,"set([376, 375])",1400000US36081008600,2849,332283,238,140,8.4,5.2
395,Spring Street,POINT (-74.00373899843763 40.72622700129312),"['A', 'C', 'E']","A-nights, C-all other times, E-all times",False,"set([410, 206])",1400000US36081071306,6256,181329,719,378,11.5,6.7
396,181 Street,POINT (-73.93796900205011 40.851694999744616),['A'],A-all times,False,"set([180, 397])",1400000US36081017900,994,473761,41,32,4.1,3.3
397,190 Street,POINT (-73.93417999964333 40.85902199892482),['A'],A-all times,False,"set([396, 431])",1400000US36081017900,994,473761,41,32,4.1,3.3
398,116 Street,POINT (-73.95479778057312 40.80505813344211),"['A', 'B', 'C']","A-nights, B-weekdays and evenings, C-all times exc nights",False,"set([7, 399])",1400000US36081000700,5815,545045,276,173,4.7,3.2
399,125 Street,POINT (-73.95224799734774 40.811071672994565),"['A', 'B', 'C', 'D']","A,D-all times, B-weekdays and evenings, C-all times exc nights",True,"set([440, 353, 398, 295])",1400000US36081000700,5815,545045,276,173,4.7,3.2
400,Prince Street,POINT (-73.99770200045987 40.72432866597571),"['N', 'Q', 'R', 'W']","N-all times, Q-nights, R-all times exc nights",False,"set([401, 435, 417])",1400000US36061010100,1259,175518,70,51,5.6,4.1
401,8 Street - NYU,POINT (-73.99250799849149 40.73046499853991),"['N', 'Q', 'R', 'W']","N-all times, Q-nights, R-all times exc nights",False,"set([400, 379])",1400000US36061010100,1259,175518,70,51,5.6,4.1
402,Fulton Street,POINT (-74.00657099970202 40.70941599925865),"['2', '3']","2-all times, 3-all times exc nights",True,"set([403, 430])",1400000US36081021600,4373,641835,415,204,9.5,4.9
403,Park Place,POINT (-74.00881099997359 40.713050999077694),"['2', '3']","2-all times, 3-all times exc nights",False,"set([402, 404])",1400000US36061009900,4831,1002374,172,90,3.6,1.9
404,Chambers Street,POINT (-74.00926600170112 40.71547800011327),"['1', '2', '3']","1,2-all times, 3-all times exc nights",True,"set([464, 425, 403, 439])",1400000US36061009900,4831,1002374,172,90,3.6,1.9
405,Hoyt Street,POINT (-73.98506379575646 40.69054418535472),"['2', '3']","2-all times, 3-all times exc nights",False,"set([128, 406])",1400000US36061015900,9120,175127,807,403,8.8,4.6
406,Borough Hall,POINT (-73.98999799960687 40.693218999611084),"['2', '3']","2-all times, 3-all times exc nights",True,"set([405, 446])",1400000US36081002200,2178,147490,217,151,10.0,7.3
407,183 Street,POINT (-73.90387900151532 40.85840700040842),['4'],4-all times,False,"set([408, 175])",1400000US36081058900,4165,165272,179,97,4.3,2.7
408,Fordham Road,POINT (-73.90103399921699 40.86280299988937),['4'],4-all times,True,"set([259, 407])",1400000US36081058900,4165,165272,179,97,4.3,2.7
409,World Trade Center,POINT (-74.00974461517701 40.71256392680817),['E'],E-all times,True,set([410]),1400000US36081046800,3171,229428,455,304,14.3,9.9
410,Canal Street - Holland Tunnel,POINT (-74.0052290023424 40.72082400007119),"['A', 'C', 'E']","A,E-all times, C-all times exc nights",False,"set([361, 395, 409])",1400000US36061009900,4831,1002374,172,90,3.6,1.9
411,155 Street,POINT (-73.94151400082208 40.83051799929251),"['A', 'C']","A-nights, C-all other times",False,"set([412, 295])",1400000US36081003300,2789,509003,145,64,5.2,2.4
412,163 Street - Amsterdam Avenue,POINT (-73.93989200188344 40.83601299923096),"['A', 'C']","A-nights, C-all other times",False,"set([58, 411])",1400000US36081017900,994,473761,41,32,4.1,3.3
413,Fulton Street,POINT (-74.00793800110387 40.71002266658424),"['J', 'Z']","J-all times, Z-rush hours AM westbound, PM eastbound",True,"set([428, 414])",1400000US36081046000,5817,221268,374,245,6.4,4.7
414,Chambers Street,POINT (-74.00340673031336 40.71323378962671),"['J', 'Z']","J-all times, Z-rush hours AM westbound, PM eastbound",False,"set([413, 415])",1400000US36061009900,4831,1002374,172,90,3.6,1.9
415,Canal Street,POINT (-73.99982638545937 40.71817387697391),"['J', 'Z']","J-all times, Z-rush hours AM westbound, PM eastbound",False,"set([434, 414])",1400000US36081076901,4172,180732,297,200,7.1,5.4
416,City Hall,POINT (-74.00698581780337 40.71327233111697),"['R', 'W']","N-nights, R-all other times",False,"set([417, 429])",1400000US36061009900,4831,1002374,172,90,3.6,1.9
417,Canal Street,POINT (-74.0018260000577 40.71946500105898),"['R', 'W']","N-nights, R-all other times",False,"set([400, 416])",1400000US36061009900,4831,1002374,172,90,3.6,1.9
418,South Ferry,POINT (-74.01316895919258 40.701730507574474),['1'],1-all times,True,set([425]),1400000US36061000900,1622,315105,32,9,2.0,0.6
419,Bowling Green,POINT (-74.01400799803432 40.70491399928076),"['4', '5']","4-all times, 5-all times exc nights",True,"set([123, 420])",1400000US36081058900,4165,165272,179,97,4.3,2.7
420,Wall Street,POINT (-74.01186199860112 40.70755700086603),"['4', '5']","4-all times, 5-weekdays",False,"set([427, 419])",1400000US36081023600,2701,176279,240,194,8.9,7.6
421,Whitehall Street,POINT (-74.0130072374272 40.703142373599135),"['R', 'W']","N-nights, R-all other times",False,"set([378, 422])",1400000US36061000900,1622,315105,32,9,2.0,0.6
422,Rector Street,POINT (-74.01297456253795 40.707744756294474),"['R', 'W']","N-nights, R-all other times",False,"set([429, 421])",1400000US36081023600,2701,176279,240,194,8.9,7.6
423,Fresh Pond Road,POINT (-73.8958980017196 40.70622599823048),['M'],M-all times,False,"set([424, 449])",1400000US36081061301,6281,713922,503,337,8.0,5.9
424,Middle Village - Metropolitan Avenue,POINT (-73.88957722978091 40.711431305058255),['M'],M-all times,True,set([423]),1400000US36081061301,6281,713922,503,337,8.0,5.9
425,Rector Street,POINT (-74.01378300119742 40.707512999521775),['1'],1-all times,False,"set([426, 418])",1400000US36081023600,2701,176279,240,194,8.9,7.6
426,Cortlandt Street,POINT (-74.01218800112292 40.7118350008202),['1'],Temporarily closed,False,{},1400000US36081061301,6281,713922,503,337,8.0,5.9
427,Fulton Street,POINT (-74.00950899856461 40.710367998822136),"['4', '5']","4-all times, 5-weekdays",True,"set([420, 29])",1400000US36081046000,5817,221268,374,245,6.4,4.7
428,Broad Street,POINT (-74.01105599991755 40.706476001106005),"['J', 'Z']","J-all times, Z-rush hours AM westbound, PM eastbound",False,set([413]),1400000US36081061301,6281,713922,503,337,8.0,5.9
429,Cortlandt Street,POINT (-74.01113196473266 40.7105129841524),"['R', 'W']","N-nights, R-all other times",True,"set([416, 422])",1400000US36081046000,5817,221268,374,245,6.4,4.7
430,Wall Street,POINT (-74.00909999844257 40.706820999753376),"['2', '3']","2-all times, 3-all times exc nights",False,"set([402, 446])",1400000US36081061301,6281,713922,503,337,8.0,5.9
431,Dyckman Street,POINT (-73.92727099960726 40.865490998968916),['A'],A-all times,False,"set([397, 270])",1400000US36081018101,4293,96143,431,227,10.0,5.6
432,Grand Street,POINT (-73.99375299913589 40.71826699954992),"['B', 'D']","B-weekdays and evenings, D-all times",False,"set([433, 122, 15])",1400000US36081076901,4172,180732,297,200,7.1,5.4
433,Broadway - Lafayette Street,POINT (-73.99620399876055 40.725296998738045),"['B', 'D', 'F', 'M']","B,M-weekdays and evenings, D,F-all times",True,"set([432, 371, 84])",1400000US36061010100,1259,175518,70,51,5.6,4.1
434,Bowery,POINT (-73.99380690654237 40.720246883147254),"['J', 'Z']","J-all times, Z-rush hours AM westbound, PM eastbound",False,"set([11, 415])",1400000US36061010100,1259,175518,70,51,5.6,4.1
435,Canal Street,POINT (-74.00105471306033 40.718814263587134),"['N', 'Q']","N-all times, Q-weekdays and evenings",False,"set([379, 15])",1400000US36081076901,4172,180732,297,200,7.1,5.4
436,23 Street,POINT (-73.99804100117201 40.74590599939995),"['A', 'C', 'E']","A-nights, C-all other times, E-all times",False,"set([444, 437])",1400000US36081026100,7098,221607,426,300,6.0,4.7
437,34 Street - Penn Station,POINT (-73.99339099970578 40.752287000775894),"['A', 'C', 'E']","A,E-all times, C-all times exc nights",True,"set([362, 347, 436])",1400000US36081025500,1423,218247,98,50,6.9,3.7
438,Jackson Heights - Roosevelt Avenue,POINT (-73.89129866519697 40.74653969115889),"['E', 'F', 'M', 'R']","E,F-all times, M-weekdays and evenings, R-all times exc nights",False,"set([9, 346, 307, 245, 37])",1400000US36081061301,6281,713922,503,337,8.0,5.9
439,14 Street,POINT (-74.00020100063497 40.737825999728116),"['1', '2', '3']","1,2-all times, 3-all times exc nights",False,"set([203, 404, 358, 195])",1400000US36061009900,4831,1002374,172,90,3.6,1.9
440,135 Street,POINT (-73.94753480879213 40.817905559212676),"['A', 'B', 'C']","A-nights, B-weekdays and evenings, C-all times exc nights",False,"set([399, 295])",1400000US36081003300,2789,509003,145,64,5.2,2.4
441,14 Street,POINT (-73.99620899921355 40.73822799969515),"['F', 'M']","F-all times, M-weekdays and evenings",False,"set([433, 365])",1400000US36061010100,1259,175518,70,51,5.6,4.1
442,6 Avenue,POINT (-73.99775078874781 40.73774146981052),['L'],L-all times,False,"set([384, 443])",1400000US36061010100,1259,175518,70,51,5.6,4.1
443,8 Avenue,POINT (-74.00257800104762 40.73977666638199),['L'],L-all times,False,set([442]),1400000US36061009900,4831,1002374,172,90,3.6,1.9
444,14 Street,POINT (-74.00168999937027 40.740893000193296),"['A', 'C', 'E']","A,E-all times, C-all times exc nights",True,"set([436, 437, 206])",1400000US36061009900,4831,1002374,172,90,3.6,1.9
445,Nostrand Avenue,POINT (-73.9504262489579 40.66993815093054),"['3', '4']","4-nights, 3-all other times",False,"set([136, 42])",1400000US36081000700,5815,545045,276,173,4.7,3.2
446,Clark Street,POINT (-73.99308599821961 40.69746599996469),"['2', '3']","2-all times, 3-all times exc nights",False,"set([406, 430])",1400000US36081013000,1645,187692,160,90,9.7,5.7
447,Franklin Avenue,POINT (-73.95684800014614 40.68137966658742),"['A', 'C']","A-nights, C-all other times",True,"set([448, 127])",1400000US36081009400,2962,173696,363,230,12.3,8.3
448,Clinton - Washington Avenues,POINT (-73.96583799857275 40.68326299912644),"['A', 'C']","A-nights, C-all other times",False,"set([454, 447])",1400000US36061020500,5069,281121,260,151,5.1,3.1
449,Forest Avenue,POINT (-73.90307500005954 40.70441200087814),['M'],M-all times,True,"set([234, 423])",1400000US36081058900,4165,165272,179,97,4.3,2.7
450,110 Street,POINT (-73.94424999687163 40.795020000113105),"['4', '6', '6d']","4 nights, 6-all times, 6 Express-weekdays AM southbound, PM northbound",False,"set([458, 462])",1400000US36081003300,2789,509003,145,64,5.2,2.4
451,86 Street,POINT (-73.95558899985132 40.77949199820952),"['4', '5', '6', '6d']","4,6-all times, 5-all times exc nights, 6 Express-weekdays AM southbound, PM northbound",False,"set([33, 34])",1400000US36081000700,5815,545045,276,173,4.7,3.2
452,York Street,POINT (-73.98688499993673 40.699742667691574),['F'],F-all times,False,"set([368, 369])",1400000US36061015900,9120,175127,807,403,8.8,4.6
453,High Street,POINT (-73.99053100065458 40.69933699977884),"['A', 'C']","A-all times, C-all times exc nights",False,"set([360, 368])",1400000US36061010100,1259,175518,70,51,5.6,4.1
454,Lafayette Avenue,POINT (-73.97394599849406 40.68611300020567),"['A', 'C']","A-nights, C-all other times",False,"set([448, 367])",1400000US36061018300,8223,224312,993,475,12.1,6.0
455,President Street,POINT (-73.95058920022207 40.667883603536815),"['2', '5']","2-all times, 5 weekdays",False,"set([42, 134])",1400000US36081000700,5815,545045,276,173,4.7,3.2
456,Woodlawn,POINT (-73.87875099990931 40.886037000253324),['4'],4-all times,False,set([274]),1400000US36081047300,3710,198491,392,274,10.6,7.6
457,Bleecker Street,POINT (-73.99465900006331 40.72591466682659),"['4', '6', '6d']","4 nights, 6-all times, 6 Express-weekdays PM",True,"set([1, 467])",1400000US36061010100,1259,175518,70,51,5.6,4.1
458,103 Street,POINT (-73.94747800152219 40.79060000008452),"['4', '6', '6d']","4 nights, 6-all times, 6 Express-weekdays AM southbound, PM northbound",False,"set([33, 450])",1400000US36081003300,2789,509003,145,64,5.2,2.4
459,Euclid Avenue,POINT (-73.87210600099675 40.675376998239365),"['A', 'C', 'S']","S to Ozone Park-Lefferts Blvd-nights, C-all other times, A-all times",False,"set([192, 226])",1400000US36081047300,3710,198491,392,274,10.6,7.6
460,88 Street,POINT (-73.85147000026086 40.67984300135503),"['A', 'S']","A-all times, S Euclid Av to Ozone Park-Lefferts Blvd-nights",False,"set([104, 465])",1400000US36081071306,6256,181329,719,378,11.5,6.7
461,Cortelyou Road,POINT (-73.96379005505493 40.6409401651401),['Q'],Q-all times,False,"set([113, 111])",1400000US36061020500,5069,281121,260,151,5.1,3.1
462,116 Street,POINT (-73.9416169983714 40.7986290002001),"['4', '6', '6d']","4 nights, 6-all times, 6 Express-weekdays AM southbound, PM northbound",False,"set([450, 468])",1400000US36081003300,2789,509003,145,64,5.2,2.4
463,Parkchester,POINT (-73.86081600108396 40.83322599927859),"['6', '6d']","6-all times, 6 Express-weekdays AM southbound, PM northbound",False,"set([89, 28, 53])",1400000US36081069300,2864,142998,234,99,8.2,3.6
464,Franklin Street,POINT (-74.00688600277107 40.719318001302135),"['1', '2']","1-all times, 2-nights",False,"set([90, 404])",1400000US36061009900,4831,1002374,172,90,3.6,1.9
465,80 Street,POINT (-73.85899200206335 40.67937100115432),"['A', 'S']","A-all times, S Euclid Av to Ozone Park-Lefferts Blvd-nights",False,"set([192, 460])",1400000US36081071306,6256,181329,719,378,11.5,6.7
466,5 Avenue - Bryant Park,POINT (-73.98196299856706 40.75382100064824),"['7', '7d']","7-all times, 7 Express-rush hours AM westbound, PM eastbound",False,"set([204, 197])",1400000US36081003300,2789,509003,145,64,5.2,2.4
467,Spring Street,POINT (-73.99714100006673 40.72230099999366),"['4', '6', '6d']","4 nights, 6-all times, 6 Express-weekdays AM southbound, PM northbound",False,"set([457, 2])",1400000US36061010100,1259,175518,70,51,5.6,4.1
468,125 Street,POINT (-73.93759400055725 40.804138000587244),"['4', '5', '6', '6d']","4,6-all times, 5-all times exc nights, 6 Express-weekdays AM southbound, PM northbound",True,"set([27, 462, 451, 47])",1400000US36081017900,994,473761,41,32,4.1,3.3
469,Coney Island - Stillwell Avenue,POINT (-73.9812359981396 40.57728100006751),"['D', 'F', 'N', 'Q']","D,F,N,Q-all times",True,"set([335, 341, 198, 333])",1400000US36061015900,9120,175127,807,403,8.8,4.6
470,34 Street - Hudson Yards,POINT (-74.00219709442206 40.75544635961596),"['7', '7d']","7-all times, 7 Express-rush hours AM westbound, PM eastbound",True,set([197]),1400000US36061011900,1068,177591,468,234,43.8,21.9
641,72 Street,POINT (-73.95836178682246 40.76880251014895),['Q'],Q-all times,True,"set([642, 351])",1400000US36081000700,5815,545045,276,173,4.7,3.2
642,86 Street,POINT (-73.95177090964917 40.77786104333163),['Q'],Q-all times,True,"set([641, 643])",1400000US36081000700,5815,545045,276,173,4.7,3.2
643,96 Street,POINT (-73.9470660219183 40.784236650177654),['Q'],Q-all times,True,set([642]),1400000US36081003300,2789,509003,145,64,5.2,2.4
